"STATION","NAME","LATITUDE","LONGITUDE","ELEVATION","DATE","AWND","PGTM","PRCP","SNOW","SNWD","TAVG","TMAX","TMIN","WDF2","WDF5","WSF2","WSF5","WT01","WT02","WT03","WT04","WT05","WT06","WT08","WT09"
"USW00014836","LANSING CAPITAL CITY AIRPORT, MI US","42.7761","-84.5997","261.8","2019-01-01","8.05",,"0.02","0.0","0.0","32","34","24","  300","  310","16.1","19.9","    1",,,,,,,
"USW00014836","LANSING CAPITAL CITY AIRPORT, MI US","42.7761","-84.5997","261.8","2019-01-02","8.28",,"0.05",,"0.0","27","33","24","  260","  260","21.0","25.9","    1",,,,"    1",,,
"USW00014836","LANSING CAPITAL CITY AIRPORT, MI US","42.7761","-84.5997","261.8","2019-01-03","14.32",,"0.00","0.0","0.0","31","38","29","  230","  210","21.0","28.0",,,,,,,,
"USW00014836","LANSING CAPITAL CITY AIRPORT, MI US","42.7761","-84.5997","261.8","2019-01-04","7.38",,"0.00","0.0","0.0","37","50","27","  240","  230","18.1","23.0",,,,,,,,
"USW00014836","LANSING CAPITAL CITY AIRPORT, MI US","42.7761","-84.5997","261.8","2019-01-05","7.61",,"0.00","0.0","0.0","35","50","24","  260","  250","19.9","25.1","    1",,,,,,"    1",
"USW00014836","LANSING CAPITAL CITY AIRPORT, MI US","42.7761","-84.5997","261.8","2019-01-06","7.61",,"0.00","0.0","0.0","36","39","28","  100","  110","17.0","21.9",,,,,,,,
"USW00014836","LANSING CAPITAL CITY AIRPORT, MI US","42.7761","-84.5997","261.8","2019-01-07","19.69",,"0.21","0.0","0.0","34","51","31","  250","  260","32.0","42.1","    1",,,"    1",,,,
"USW00014836","LANSING CAPITAL CITY AIRPORT, MI US","42.7761","-84.5997","261.8","2019-01-08","12.75",,"0.01","0.0","0.0","43","44","31","  290","  280","30.0","36.9","    1",,,,,,"    1",
"USW00014836","LANSING CAPITAL CITY AIRPORT, MI US","42.7761","-84.5997","261.8","2019-01-09","15.66",,"0.02","0.2","0.0","27","31","19","  300","  310","23.9","33.1","    1",,,,,,"    1",
"USW00014836","LANSING CAPITAL CITY AIRPORT, MI US","42.7761","-84.5997","261.8","2019-01-10","10.29",,"0.00","0.0","0.0","22","27","20","  310","  320","21.9","29.1",,,,,,,,
"USW00014836","LANSING CAPITAL CITY AIRPORT, MI US","42.7761","-84.5997","261.8","2019-01-11","3.58",,"0.00","0.0","0.0","22","28","16","  140","  150","8.9","11.0",,,,,,,,
"USW00014836","LANSING CAPITAL CITY AIRPORT, MI US","42.7761","-84.5997","261.8","2019-01-12","9.40",,"0.00","0.0","0.0","28","30","24","   80","   60","19.9","23.9",,,,,,,,
"USW00014836","LANSING CAPITAL CITY AIRPORT, MI US","42.7761","-84.5997","261.8","2019-01-13","8.50",,"0.00","0.0","0.0","24","31","16","   50","   70","17.0","21.9",,,,,,,,
"USW00014836","LANSING CAPITAL CITY AIRPORT, MI US","42.7761","-84.5997","261.8","2019-01-14","4.92",,"0.00","0.0","0.0","21","34","12","  270","  240","14.1","17.0",,,,,,,,
"USW00014836","LANSING CAPITAL CITY AIRPORT, MI US","42.7761","-84.5997","261.8","2019-01-15","13.20",,"0.00","0.0","0.0","27","28","25","  230","  220","23.0","30.0","    1",,,,,"    1",,
"USW00014836","LANSING CAPITAL CITY AIRPORT, MI US","42.7761","-84.5997","261.8","2019-01-16","7.61",,"0.01","0.0","0.0","27","32","15","  230","  250","18.1","23.0","    1",,,,,"    1",,
"USW00014836","LANSING CAPITAL CITY AIRPORT, MI US","42.7761","-84.5997","261.8","2019-01-17","5.82",,"0.02","0.0","0.0","23","31","16","  140","  140","15.0","18.1","    1",,,,,,"    1",
"USW00014836","LANSING CAPITAL CITY AIRPORT, MI US","42.7761","-84.5997","261.8","2019-01-18","6.93",,"0.01","0.1","0.0","28","30","22","   60","   60","15.0","18.1","    1",,,,,,,
"USW00014836","LANSING CAPITAL CITY AIRPORT, MI US","42.7761","-84.5997","261.8","2019-01-19","14.32",,"0.29","4.0","2.0","20","22","6","   40","   40","25.1","32.0","    1",,,,,,"    1",
"USW00014836","LANSING CAPITAL CITY AIRPORT, MI US","42.7761","-84.5997","261.8","2019-01-20","10.07",,"0.00","0.0","0.0","5","9","-4","  330","  340","18.1","23.0",,,,,,,,
"USW00014836","LANSING CAPITAL CITY AIRPORT, MI US","42.7761","-84.5997","261.8","2019-01-21","4.03",,"0.00","0.0","3.9","-1","13","-14","  170","  160","15.0","18.1",,,,,,,"    1",
"USW00014836","LANSING CAPITAL CITY AIRPORT, MI US","42.7761","-84.5997","261.8","2019-01-22","12.97",,"0.10",,"3.1","12","31","4","  160","  160","29.1","35.1","    1",,,"    1",,"    1",,
"USW00014836","LANSING CAPITAL CITY AIRPORT, MI US","42.7761","-84.5997","261.8","2019-01-23","11.18",,"0.37",,,"34","41","28","  270","  280","23.9","29.1","    1",,,,,,,
"USW00014836","LANSING CAPITAL CITY AIRPORT, MI US","42.7761","-84.5997","261.8","2019-01-24","12.97",,"0.00",,"2.0","27","28","20","  280","  270","21.9","30.0","    1",,,,,,"    1",
"USW00014836","LANSING CAPITAL CITY AIRPORT, MI US","42.7761","-84.5997","261.8","2019-01-25","15.21",,"0.01",,,"15","20","5","  240","  250","25.1","31.1",,,,,,,,
"USW00014836","LANSING CAPITAL CITY AIRPORT, MI US","42.7761","-84.5997","261.8","2019-01-26","4.70",,"0.01",,,"7","15","-3","  180","  170","14.1","17.0",,,,,,,,
"USW00014836","LANSING CAPITAL CITY AIRPORT, MI US","42.7761","-84.5997","261.8","2019-01-27","9.17",,"0.01",,,"13","15","-3","  250","  260","21.9","29.1",,,,,,,,
"USW00014836","LANSING CAPITAL CITY AIRPORT, MI US","42.7761","-84.5997","261.8","2019-01-28","10.07",,"0.53",,,"9","20","-1","  110","  120","25.9","34.0","    1","    1",,,,"    1",,
"USW00014836","LANSING CAPITAL CITY AIRPORT, MI US","42.7761","-84.5997","261.8","2019-01-29","16.11",,"0.05",,,"13","15","3","  250","  250","30.0","38.0","    1","    1",,,,,"    1","    1"
"USW00014836","LANSING CAPITAL CITY AIRPORT, MI US","42.7761","-84.5997","261.8","2019-01-30","16.55",,,,,"-2","3","-14","  240","  240","30.0","38.0","    1","    1",,,,,"    1","    1"
"USW00014836","LANSING CAPITAL CITY AIRPORT, MI US","42.7761","-84.5997","261.8","2019-01-31","11.63",,"0.00",,,"-9","4","-14","  250","  230","23.9","27.1",,,,,,,"    1",
"USW00014836","LANSING CAPITAL CITY AIRPORT, MI US","42.7761","-84.5997","261.8","2019-02-01","4.70",,"0.00","0.0",,"2","15","-7","  190","  190","14.1","18.1",,,,,,,"    1",
"USW00014836","LANSING CAPITAL CITY AIRPORT, MI US","42.7761","-84.5997","261.8","2019-02-02","11.86",,"0.00","0.0",,"22","41","10","  220","  220","23.0","29.1","    1",,,,,,"    1",
"USW00014836","LANSING CAPITAL CITY AIRPORT, MI US","42.7761","-84.5997","261.8","2019-02-03","12.30",,"0.00","0.0",,"42","48","38","  210","  210","17.0","23.0","    1",,,,,,,
"USW00014836","LANSING CAPITAL CITY AIRPORT, MI US","42.7761","-84.5997","261.8","2019-02-04","11.63",,"0.18","0.0",,"48","51","39","  270","  270","23.9","29.1","    1",,,,,,,
"USW00014836","LANSING CAPITAL CITY AIRPORT, MI US","42.7761","-84.5997","261.8","2019-02-05","10.07",,"0.00","0.0",,"35","39","29","  270","  270","21.0","25.9","    1",,,,,,,
"USW00014836","LANSING CAPITAL CITY AIRPORT, MI US","42.7761","-84.5997","261.8","2019-02-06","6.93",,"0.64","0.7","0.0","31","32","29","  110","  110","19.9","25.9","    1",,,"    1",,"    1",,
"USW00014836","LANSING CAPITAL CITY AIRPORT, MI US","42.7761","-84.5997","261.8","2019-02-07","12.53",,"0.19","0.0","0.0","33","51","28","  270","  270","40.0","51.0","    1","    1",,,,"    1",,
"USW00014836","LANSING CAPITAL CITY AIRPORT, MI US","42.7761","-84.5997","261.8","2019-02-08","21.47",,"0.04","1.1","0.0","21","28","13","  240","  260","38.0","48.1","    1","    1",,,,,"    1","    1"
"USW00014836","LANSING CAPITAL CITY AIRPORT, MI US","42.7761","-84.5997","261.8","2019-02-09","4.70",,"0.00","0.0","1.2","13","22","4","  280","  290","18.1","21.9",,,,,,,,
"USW00014836","LANSING CAPITAL CITY AIRPORT, MI US","42.7761","-84.5997","261.8","2019-02-10","7.61",,"0.08","1.5","1.2","20","26","15","  130","  130","15.0","18.1",,,,,,,,
"USW00014836","LANSING CAPITAL CITY AIRPORT, MI US","42.7761","-84.5997","261.8","2019-02-11","10.74",,"0.01","0.2","2.0","24","29","22","   80","   80","18.1","23.0",,,,,,,,
"USW00014836","LANSING CAPITAL CITY AIRPORT, MI US","42.7761","-84.5997","261.8","2019-02-12","13.42",,"0.59","4.8","3.9","28","34","25","  260","  250","36.0","42.9",,,,,,"    1",,
"USW00014836","LANSING CAPITAL CITY AIRPORT, MI US","42.7761","-84.5997","261.8","2019-02-13","19.01",,"0.08","2.5","7.9","26","27","18","  270","  270","32.0","40.9","    1",,,,,,,"    1"
"USW00014836","LANSING CAPITAL CITY AIRPORT, MI US","42.7761","-84.5997","261.8","2019-02-14","10.07",,"0.00","0.0","5.1","28","42","19","  150","  190","16.1","19.9",,,,,,,"    1",
"USW00014836","LANSING CAPITAL CITY AIRPORT, MI US","42.7761","-84.5997","261.8","2019-02-15","18.79",,"0.00","0.0","5.1","29","40","17","  270","  270","31.1","38.0","    1",,,,,,"    1",
"USW00014836","LANSING CAPITAL CITY AIRPORT, MI US","42.7761","-84.5997","261.8","2019-02-16","6.04",,"0.00","0.0","5.1","22","27","15","   30","  350","12.1","15.0",,,,,,,,
"USW00014836","LANSING CAPITAL CITY AIRPORT, MI US","42.7761","-84.5997","261.8","2019-02-17","10.07",,"0.11","1.0","5.1","21","23","13","  100","  100","18.1","21.9","    1","    1",,,,,,
"USW00014836","LANSING CAPITAL CITY AIRPORT, MI US","42.7761","-84.5997","261.8","2019-02-18","6.26",,"0.05","1.9","7.1","21","25","9","   20","   20","14.1","17.0","    1",,,,,,,
"USW00014836","LANSING CAPITAL CITY AIRPORT, MI US","42.7761","-84.5997","261.8","2019-02-19","2.24",,"0.00","0.0","3.9","14","29","0","  140","  340","8.9","13.0","    1",,,,,,,
"USW00014836","LANSING CAPITAL CITY AIRPORT, MI US","42.7761","-84.5997","261.8","2019-02-20","13.65",,"0.03","0.0","3.9","24","37","17","  250","  260","29.1","38.0","    1",,,,,"    1",,
"USW00014836","LANSING CAPITAL CITY AIRPORT, MI US","42.7761","-84.5997","261.8","2019-02-21","16.11",,"0.00","0.0","3.1","34","36","24","  260","  260","31.1","36.9",,,,,,,,
"USW00014836","LANSING CAPITAL CITY AIRPORT, MI US","42.7761","-84.5997","261.8","2019-02-22","2.91",,"0.00","0.0","1.2","26","38","14","  150","  140","10.1","14.1","    1",,,,,,"    1",
"USW00014836","LANSING CAPITAL CITY AIRPORT, MI US","42.7761","-84.5997","261.8","2019-02-23","10.29",,"0.08","0.0","1.2","32","40","25","  130","  150","18.1","23.9","    1",,,,,,"    1",
"USW00014836","LANSING CAPITAL CITY AIRPORT, MI US","42.7761","-84.5997","261.8","2019-02-24","23.94",,"0.33","1.6","1.2","37","47","22","  260","  270","40.9","55.9","    1","    1",,,,,"    1",
"USW00014836","LANSING CAPITAL CITY AIRPORT, MI US","42.7761","-84.5997","261.8","2019-02-25","18.12",,"0.04","0.8","3.1","19","22","13","  290","  280","33.1","44.1","    1",,,,,,"    1",
"USW00014836","LANSING CAPITAL CITY AIRPORT, MI US","42.7761","-84.5997","261.8","2019-02-26","5.37",,"0.04","0.8","2.0","15","20","12","   80","   70","12.1","14.1",,,,,,,,
"USW00014836","LANSING CAPITAL CITY AIRPORT, MI US","42.7761","-84.5997","261.8","2019-02-27","5.37",,"0.23","2.2","3.9","18","22","16","  300","   90","13.0","16.1",,,,,,,,
"USW00014836","LANSING CAPITAL CITY AIRPORT, MI US","42.7761","-84.5997","261.8","2019-02-28","2.91",,"0.00","0.0","3.9","21","29","12","  250","  250","13.0","14.1",,,,,,,,
"USW00014836","LANSING CAPITAL CITY AIRPORT, MI US","42.7761","-84.5997","261.8","2019-03-01","1.12",,"0.00","0.0","3.1","22","35","9","   30","  360","6.9","8.9","    1",,,,,,"    1",
"USW00014836","LANSING CAPITAL CITY AIRPORT, MI US","42.7761","-84.5997","261.8","2019-03-02","5.14",,"0.02",,"2.0","29","31","20","  300","  310","15.0","19.9","    1",,,,,,"    1",
"USW00014836","LANSING CAPITAL CITY AIRPORT, MI US","42.7761","-84.5997","261.8","2019-03-03","6.71",,"0.00","0.0","2.0","20","25","8","  300","  320","16.1","19.0",,,,,,,,
"USW00014836","LANSING CAPITAL CITY AIRPORT, MI US","42.7761","-84.5997","261.8","2019-03-04","11.86",,"0.01",,"1.2","11","14","7","  260","  250","25.1","31.1","    1",,,,,,"    1",
"USW00014836","LANSING CAPITAL CITY AIRPORT, MI US","42.7761","-84.5997","261.8","2019-03-05","13.87",,"0.03","0.3","1.2","11","18","8","  270","  270","25.1","35.1","    1",,,,,,"    1",
"USW00014836","LANSING CAPITAL CITY AIRPORT, MI US","42.7761","-84.5997","261.8","2019-03-06","9.17",,"0.00","0.0","2.0","13","21","4","  250","  250","21.9","25.9","    1",,,,,,"    1",
"USW00014836","LANSING CAPITAL CITY AIRPORT, MI US","42.7761","-84.5997","261.8","2019-03-07","4.70",,"0.00","0.3","2.0","20","25","11","  270","  330","12.1","16.1","    1",,,,,,,
"USW00014836","LANSING CAPITAL CITY AIRPORT, MI US","42.7761","-84.5997","261.8","2019-03-08","2.01",,"0.00","0.0","2.0","22","39","8","  160","  180","10.1","12.1","    1",,,,,,,
"USW00014836","LANSING CAPITAL CITY AIRPORT, MI US","42.7761","-84.5997","261.8","2019-03-09","13.42",,"0.37","0.0","1.2","29","39","19","  110","  100","28.0","38.0","    1",,,,,"    1","    1",
"USW00014836","LANSING CAPITAL CITY AIRPORT, MI US","42.7761","-84.5997","261.8","2019-03-10","22.82",,"0.04","0.0","1.2","37","44","33","  250","  250","36.0","48.1","    1",,,,,,,
"USW00014836","LANSING CAPITAL CITY AIRPORT, MI US","42.7761","-84.5997","261.8","2019-03-11","15.21",,"0.00","0.0","0.0","32","35","25","  260","  260","25.1","31.1",,,,,,,,
"USW00014836","LANSING CAPITAL CITY AIRPORT, MI US","42.7761","-84.5997","261.8","2019-03-12","6.49",,"0.00","0.0","0.0","31","46","20","  240","  240","14.1","17.0",,,,,,,,
"USW00014836","LANSING CAPITAL CITY AIRPORT, MI US","42.7761","-84.5997","261.8","2019-03-13","10.07",,"0.10","0.0","0.0","40","53","36","  170","  150","16.1","21.9","    1",,,,,,,
"USW00014836","LANSING CAPITAL CITY AIRPORT, MI US","42.7761","-84.5997","261.8","2019-03-14","17.90",,"0.45","0.0","0.0","52","62","42","  160","  150","31.1","40.9","    1",,"    1",,,,,
"USW00014836","LANSING CAPITAL CITY AIRPORT, MI US","42.7761","-84.5997","261.8","2019-03-15","17.22",,"0.05","0.0","0.0","41","42","31","  240","  240","29.1","38.0","    1",,,,,,,
"USW00014836","LANSING CAPITAL CITY AIRPORT, MI US","42.7761","-84.5997","261.8","2019-03-16","10.96",,"0.00","0.0","0.0","32","36","23","  280","  270","23.0","29.1",,,,,,,,
"USW00014836","LANSING CAPITAL CITY AIRPORT, MI US","42.7761","-84.5997","261.8","2019-03-17","3.80",,"0.00","0.0","0.0","27","38","17","  200","  190","13.0","16.1","    1",,,,,,"    1",
"USW00014836","LANSING CAPITAL CITY AIRPORT, MI US","42.7761","-84.5997","261.8","2019-03-18","6.04",,"0.00","0.0","0.0","32","42","22","  260","  270","14.1","19.0","    1",,,,,,,
"USW00014836","LANSING CAPITAL CITY AIRPORT, MI US","42.7761","-84.5997","261.8","2019-03-19","5.37",,"0.00","0.0","0.0","35","49","23","  260","  210","19.9","28.0","    1",,,,,,,
"USW00014836","LANSING CAPITAL CITY AIRPORT, MI US","42.7761","-84.5997","261.8","2019-03-20","7.61",,"0.47","0.0","0.0","36","44","31","  210","  220","21.9","27.1","    1",,,,,,,
"USW00014836","LANSING CAPITAL CITY AIRPORT, MI US","42.7761","-84.5997","261.8","2019-03-21","6.26",,"0.00","0.0","0.0","36","40","33","  270","  270","18.1","23.9","    1","    1",,,,,"    1",
"USW00014836","LANSING CAPITAL CITY AIRPORT, MI US","42.7761","-84.5997","261.8","2019-03-22","12.75",,"0.00","0.0","0.0","37","43","27","  310","  310","23.9","32.0","    1",,,,,,,
"USW00014836","LANSING CAPITAL CITY AIRPORT, MI US","42.7761","-84.5997","261.8","2019-03-23","5.59",,"0.00","0.0","0.0","32","47","20","  290","  300","14.1","19.9",,,,,,,,
"USW00014836","LANSING CAPITAL CITY AIRPORT, MI US","42.7761","-84.5997","261.8","2019-03-24","9.17",,"0.00","0.0","0.0","42","58","30","   30","   40","21.9","27.1",,,,,,,,
"USW00014836","LANSING CAPITAL CITY AIRPORT, MI US","42.7761","-84.5997","261.8","2019-03-25","9.40",,"0.00","0.0","0.0","36","44","28","   50","   50","18.1","21.9",,,,,,,,
"USW00014836","LANSING CAPITAL CITY AIRPORT, MI US","42.7761","-84.5997","261.8","2019-03-26","3.80",,"0.00","0.0","0.0","33","46","22","   50","   20","8.9","15.0",,,,,,,,
"USW00014836","LANSING CAPITAL CITY AIRPORT, MI US","42.7761","-84.5997","261.8","2019-03-27","10.74",,"0.00","0.0","0.0","39","54","27","  200","  210","18.1","23.0",,,,,,,,
"USW00014836","LANSING CAPITAL CITY AIRPORT, MI US","42.7761","-84.5997","261.8","2019-03-28","12.97",,"0.00","0.0","0.0","53","67","43","  250","  260","21.9","30.0",,,,,,,,
"USW00014836","LANSING CAPITAL CITY AIRPORT, MI US","42.7761","-84.5997","261.8","2019-03-29","7.61",,"0.01","0.0","0.0","46","55","36","  170","  160","16.1","19.0",,,,,,,,
"USW00014836","LANSING CAPITAL CITY AIRPORT, MI US","42.7761","-84.5997","261.8","2019-03-30","10.51",,"0.41","0.0","0.0","40","41","26","  350","  340","21.9","29.1",,,,,,,,
"USW00014836","LANSING CAPITAL CITY AIRPORT, MI US","42.7761","-84.5997","261.8","2019-03-31","13.20",,"0.00","0.0","0.0","28","34","21","  280","  290","23.9","32.0",,,,,,,,
"USW00014836","LANSING CAPITAL CITY AIRPORT, MI US","42.7761","-84.5997","261.8","2019-04-01","9.84",,"0.00","0.0","0.0","31","45","20","  200","  200","21.9","28.0",,,,,,,,
"USW00014836","LANSING CAPITAL CITY AIRPORT, MI US","42.7761","-84.5997","261.8","2019-04-02","14.99",,"0.00","0.0","0.0","43","58","36","  240","  240","28.0","34.0",,,,,,,,
"USW00014836","LANSING CAPITAL CITY AIRPORT, MI US","42.7761","-84.5997","261.8","2019-04-03","13.20",,"0.00","0.0","0.0","43","51","37","  300","  270","29.1","42.9",,,,,,,,
"USW00014836","LANSING CAPITAL CITY AIRPORT, MI US","42.7761","-84.5997","261.8","2019-04-04","9.62",,"0.01","0.0","0.0","40","47","33","  100","   90","18.1","23.0",,,,,,,,
"USW00014836","LANSING CAPITAL CITY AIRPORT, MI US","42.7761","-84.5997","261.8","2019-04-05","3.80",,"0.08","0.0","0.0","39","52","33","  320","   80","8.9","12.1","    1",,,,,,,
"USW00014836","LANSING CAPITAL CITY AIRPORT, MI US","42.7761","-84.5997","261.8","2019-04-06","2.91",,"0.00","0.0","0.0","49","66","34","  220","  220","14.1","17.0","    1","    1",,,,,,
"USW00014836","LANSING CAPITAL CITY AIRPORT, MI US","42.7761","-84.5997","261.8","2019-04-07","10.07",,"0.09","0.0","0.0","57","72","47","  170","  170","21.9","27.1","    1",,,,,,,
"USW00014836","LANSING CAPITAL CITY AIRPORT, MI US","42.7761","-84.5997","261.8","2019-04-08","12.75",,"0.00","0.0","0.0","61","69","54","  260","  270","25.9","34.0","    1",,,,,,,
"USW00014836","LANSING CAPITAL CITY AIRPORT, MI US","42.7761","-84.5997","261.8","2019-04-09","14.99",,"0.00","0.0","0.0","54","62","42","  300","  260","29.1","36.0",,,,,,,,
"USW00014836","LANSING CAPITAL CITY AIRPORT, MI US","42.7761","-84.5997","261.8","2019-04-10","10.51",,"0.12","0.5","0.0","41","43","31","  110","  110","19.9","25.1","    1",,,,,,,
"USW00014836","LANSING CAPITAL CITY AIRPORT, MI US","42.7761","-84.5997","261.8","2019-04-11","16.55",,"0.05","0.1","1.2","37","49","30","  100","  100","28.0","33.1","    1",,,,,,,
"USW00014836","LANSING CAPITAL CITY AIRPORT, MI US","42.7761","-84.5997","261.8","2019-04-12","15.21",,"0.24","0.0","0.0","48","59","40","  220","  230","33.1","45.0","    1",,,,,,,
"USW00014836","LANSING CAPITAL CITY AIRPORT, MI US","42.7761","-84.5997","261.8","2019-04-13","13.65",,"0.00","0.0","0.0","44","52","34","  270","  260","29.1","35.1",,,,,,,,
"USW00014836","LANSING CAPITAL CITY AIRPORT, MI US","42.7761","-84.5997","261.8","2019-04-14","13.42",,"0.74","0.9","0.0","35","37","31","   30","   30","25.1","32.0","    1",,,,,,,
"USW00014836","LANSING CAPITAL CITY AIRPORT, MI US","42.7761","-84.5997","261.8","2019-04-15","10.96",,"0.01","0.1","1.2","38","50","32","  270","  260","21.9","30.0",,,,,,,,
"USW00014836","LANSING CAPITAL CITY AIRPORT, MI US","42.7761","-84.5997","261.8","2019-04-16","7.38",,"0.13","0.0","0.0","46","64","38","   30","   40","14.1","18.1","    1",,,,,,,
"USW00014836","LANSING CAPITAL CITY AIRPORT, MI US","42.7761","-84.5997","261.8","2019-04-17","12.75",,"0.01","0.0","0.0","49","61","42","  160","  150","23.0","30.0","    1",,"    1",,,,"    1",
"USW00014836","LANSING CAPITAL CITY AIRPORT, MI US","42.7761","-84.5997","261.8","2019-04-18","13.65",,"0.64","0.0","0.0","58","66","41","  220","  200","29.1","36.9","    1",,"    1",,,,,
"USW00014836","LANSING CAPITAL CITY AIRPORT, MI US","42.7761","-84.5997","261.8","2019-04-19","13.65",,"0.10","0.0","0.0","41","42","39","   30","   20","23.9","30.0","    1",,,,,,,
"USW00014836","LANSING CAPITAL CITY AIRPORT, MI US","42.7761","-84.5997","261.8","2019-04-20","13.20",,"0.01","0.0","0.0","43","54","36","   40","   40","23.0","32.0",,,,,,,,
"USW00014836","LANSING CAPITAL CITY AIRPORT, MI US","42.7761","-84.5997","261.8","2019-04-21","5.14",,"0.00","0.0","0.0","48","71","31","  180","  230","12.1","14.1","    1",,,,,,,
"USW00014836","LANSING CAPITAL CITY AIRPORT, MI US","42.7761","-84.5997","261.8","2019-04-22","12.08",,"0.00","0.0","0.0","62","76","50","  180","  210","21.9","29.1",,,,,,,,
"USW00014836","LANSING CAPITAL CITY AIRPORT, MI US","42.7761","-84.5997","261.8","2019-04-23","14.09",,"0.03","0.0","0.0","58","66","43","  260","  170","25.9","34.0","    1",,,,,,,
"USW00014836","LANSING CAPITAL CITY AIRPORT, MI US","42.7761","-84.5997","261.8","2019-04-24","3.36",,"0.00","0.0","0.0","49","62","36","  350","  360","10.1","14.1",,,,,,,,
"USW00014836","LANSING CAPITAL CITY AIRPORT, MI US","42.7761","-84.5997","261.8","2019-04-25","5.37",,"0.00","0.0","0.0","56","65","51","  160","  160","12.1","16.1",,,,,,,,
"USW00014836","LANSING CAPITAL CITY AIRPORT, MI US","42.7761","-84.5997","261.8","2019-04-26","14.32",,"0.02","0.0","0.0","56","62","41","  290","  330","31.1","40.0",,,,,,,,
"USW00014836","LANSING CAPITAL CITY AIRPORT, MI US","42.7761","-84.5997","261.8","2019-04-27","7.83",,"0.16","0.0","0.0","43","51","33","  310","  320","19.9","29.1","    1",,,,,,,
"USW00014836","LANSING CAPITAL CITY AIRPORT, MI US","42.7761","-84.5997","261.8","2019-04-28","8.05",,"0.00","0.0","0.0","43","56","34","  130","  150","16.1","21.0",,,,,,,,
"USW00014836","LANSING CAPITAL CITY AIRPORT, MI US","42.7761","-84.5997","261.8","2019-04-29","9.40",,"0.71","0.0","0.0","43","44","40","  110","  110","18.1","25.1","    1",,,,,,,
"USW00014836","LANSING CAPITAL CITY AIRPORT, MI US","42.7761","-84.5997","261.8","2019-04-30","8.72",,"0.35","0.0","0.0","43","49","40","  110","  100","17.0","23.0","    1",,,,,,,
"USW00014836","LANSING CAPITAL CITY AIRPORT, MI US","42.7761","-84.5997","261.8","2019-05-01","10.51",,"0.58","0.0","0.0","51","63","44","  230","  230","29.1","36.9","    1",,,,,,,
"USW00014836","LANSING CAPITAL CITY AIRPORT, MI US","42.7761","-84.5997","261.8","2019-05-02","5.82",,"0.09","0.0","0.0","49","57","43","   20","   30","12.1","14.1","    1",,,,,,"    1",
"USW00014836","LANSING CAPITAL CITY AIRPORT, MI US","42.7761","-84.5997","261.8","2019-05-03","8.72",,"0.02","0.0","0.0","46","51","43","  130","   40","14.1","17.0","    1",,,,,,,
"USW00014836","LANSING CAPITAL CITY AIRPORT, MI US","42.7761","-84.5997","261.8","2019-05-04","3.80",,"0.00","0.0","0.0","51","64","44","  110","  100","12.1","15.0",,,,,,,,
"USW00014836","LANSING CAPITAL CITY AIRPORT, MI US","42.7761","-84.5997","261.8","2019-05-05","4.25",,"0.00","0.0","0.0","57","71","43","  260","  250","16.1","19.9","    1",,,,,,,
"USW00014836","LANSING CAPITAL CITY AIRPORT, MI US","42.7761","-84.5997","261.8","2019-05-06","6.26",,"0.04","0.0","0.0","59","72","48","  280","  280","21.0","23.9",,,,,,,,
"USW00014836","LANSING CAPITAL CITY AIRPORT, MI US","42.7761","-84.5997","261.8","2019-05-07","7.16",,"0.28","0.0","0.0","48","56","40","   30","   30","16.1","19.0","    1",,,,,,,
"USW00014836","LANSING CAPITAL CITY AIRPORT, MI US","42.7761","-84.5997","261.8","2019-05-08","13.65",,"0.00","0.0","0.0","47","58","36","  110","   80","23.0","29.1",,,,,,,,
"USW00014836","LANSING CAPITAL CITY AIRPORT, MI US","42.7761","-84.5997","261.8","2019-05-09","12.53",,"0.28","0.0","0.0","60","74","50","  240","  230","23.9","31.1","    1",,,,,,,
"USW00014836","LANSING CAPITAL CITY AIRPORT, MI US","42.7761","-84.5997","261.8","2019-05-10","10.51",,"0.00","0.0","0.0","52","57","41","  280","  300","19.9","23.9","    1",,,,,,,
"USW00014836","LANSING CAPITAL CITY AIRPORT, MI US","42.7761","-84.5997","261.8","2019-05-11","6.49",,"0.02","0.0","0.0","46","52","36","   20","   70","16.1","21.9",,,,,,,,
"USW00014836","LANSING CAPITAL CITY AIRPORT, MI US","42.7761","-84.5997","261.8","2019-05-12","9.17",,"0.01","0.0","0.0","46","53","40","   50","   40","16.1","19.9","    1",,,,,,,
"USW00014836","LANSING CAPITAL CITY AIRPORT, MI US","42.7761","-84.5997","261.8","2019-05-13","7.16",,"0.00","0.0","0.0","48","57","40","   30","   10","16.1","21.0",,,,,,,,
"USW00014836","LANSING CAPITAL CITY AIRPORT, MI US","42.7761","-84.5997","261.8","2019-05-14","5.82",,"0.00","0.0","0.0","51","69","36","  270","  270","15.0","19.9",,,,,,,,
"USW00014836","LANSING CAPITAL CITY AIRPORT, MI US","42.7761","-84.5997","261.8","2019-05-15","9.40",,"0.00","0.0","0.0","60","74","45","  260","  290","23.9","32.0",,,,,,,"    1",
"USW00014836","LANSING CAPITAL CITY AIRPORT, MI US","42.7761","-84.5997","261.8","2019-05-16","8.95",,"0.00","0.0","0.0","61","76","45","  220","  190","25.1","35.1",,,,,,,,
"USW00014836","LANSING CAPITAL CITY AIRPORT, MI US","42.7761","-84.5997","261.8","2019-05-17","5.37",,"0.00","0.0","0.0","63","70","53","  140","  130","15.0","19.0","    1",,,,,,,
"USW00014836","LANSING CAPITAL CITY AIRPORT, MI US","42.7761","-84.5997","261.8","2019-05-18","9.62",,"0.42","0.0","0.0","60","76","47","  160","  150","17.0","21.9","    1",,,,,,,
"USW00014836","LANSING CAPITAL CITY AIRPORT, MI US","42.7761","-84.5997","261.8","2019-05-19","10.96",,"0.12","0.0","0.0","67","75","57","  230","  200","28.0","36.9","    1",,"    1",,,,,
"USW00014836","LANSING CAPITAL CITY AIRPORT, MI US","42.7761","-84.5997","261.8","2019-05-20","12.08",,"0.00","0.0","0.0","53","58","41","  260","  270","23.0","28.0","    1",,,,,,,
"USW00014836","LANSING CAPITAL CITY AIRPORT, MI US","42.7761","-84.5997","261.8","2019-05-21","6.49",,"0.00","0.0","0.0","49","62","37","  110","   90","15.0","19.0",,,,,,,,
"USW00014836","LANSING CAPITAL CITY AIRPORT, MI US","42.7761","-84.5997","261.8","2019-05-22","11.86",,"0.24","0.0","0.0","58","73","50","  140","  120","21.9","33.1","    1",,"    1",,,,,
"USW00014836","LANSING CAPITAL CITY AIRPORT, MI US","42.7761","-84.5997","261.8","2019-05-23","15.21",,"0.04","0.0","0.0","68","74","54","  280","  270","32.0","40.9","    1",,"    1",,,,,
"USW00014836","LANSING CAPITAL CITY AIRPORT, MI US","42.7761","-84.5997","261.8","2019-05-24","4.47",,"0.14","0.0","0.0","57","63","49","  150","  140","16.1","19.9","    1",,"    1",,,,,
"USW00014836","LANSING CAPITAL CITY AIRPORT, MI US","42.7761","-84.5997","261.8","2019-05-25","12.08",,"0.09","0.0","0.0","68","81","55","  270","  250","25.1","33.1","    1",,"    1",,,,,
"USW00014836","LANSING CAPITAL CITY AIRPORT, MI US","42.7761","-84.5997","261.8","2019-05-26","4.47",,"0.00","0.0","0.0","67","73","54","   50","   60","15.0","18.1",,,,,,,,
"USW00014836","LANSING CAPITAL CITY AIRPORT, MI US","42.7761","-84.5997","261.8","2019-05-27","8.28",,"0.01","0.0","0.0","63","74","51","  140","  150","19.9","23.9","    1","    1",,,,,,
"USW00014836","LANSING CAPITAL CITY AIRPORT, MI US","42.7761","-84.5997","261.8","2019-05-28","6.71",,"0.07","0.0","0.0","61","66","53","   50","  320","13.0","17.0","    1",,,,,,,
"USW00014836","LANSING CAPITAL CITY AIRPORT, MI US","42.7761","-84.5997","261.8","2019-05-29","5.37",,"0.11","0.0","0.0","57","67","52","   40","   40","23.9","30.0","    1",,,,,,,
"USW00014836","LANSING CAPITAL CITY AIRPORT, MI US","42.7761","-84.5997","261.8","2019-05-30","5.14",,"0.05","0.0","0.0","61","68","54","  300","  300","17.0","23.0","    1",,,,,,,
"USW00014836","LANSING CAPITAL CITY AIRPORT, MI US","42.7761","-84.5997","261.8","2019-05-31","8.28",,"0.00","0.0","0.0","64","80","49","  220","  210","21.0","27.1","    1","    1",,,,,,
"USW00014836","LANSING CAPITAL CITY AIRPORT, MI US","42.7761","-84.5997","261.8","2019-06-01","7.61",,"1.92","0.0","0.0","67","71","60","  250","  250","35.1","42.9","    1",,"    1",,,,"    1",
"USW00014836","LANSING CAPITAL CITY AIRPORT, MI US","42.7761","-84.5997","261.8","2019-06-02","8.72",,"0.04","0.0","0.0","62","70","48","  280","  290","21.9","27.1","    1","    1",,,,,,
"USW00014836","LANSING CAPITAL CITY AIRPORT, MI US","42.7761","-84.5997","261.8","2019-06-03","5.59",,"0.00","0.0","0.0","54","67","42","  290","  290","15.0","18.1",,,,,,,,
"USW00014836","LANSING CAPITAL CITY AIRPORT, MI US","42.7761","-84.5997","261.8","2019-06-04","8.95",,"0.00","0.0","0.0","62","75","47","  250","  240","23.0","30.0",,,,,,,,
"USW00014836","LANSING CAPITAL CITY AIRPORT, MI US","42.7761","-84.5997","261.8","2019-06-05","8.95",,"0.25","0.0","0.0","70","80","59","  230","  230","23.0","30.0","    1",,"    1",,,,,
"USW00014836","LANSING CAPITAL CITY AIRPORT, MI US","42.7761","-84.5997","261.8","2019-06-06","3.58",,"0.00","0.0","0.0","64","76","57","   30","   40","8.9","11.0","    1",,,,,,,
"USW00014836","LANSING CAPITAL CITY AIRPORT, MI US","42.7761","-84.5997","261.8","2019-06-07","6.26",,"0.00","0.0","0.0","69","81","55","   50","   50","17.0","21.0","    1",,,,,,,
"USW00014836","LANSING CAPITAL CITY AIRPORT, MI US","42.7761","-84.5997","261.8","2019-06-08","9.84",,"0.00","0.0","0.0","68","81","54","  100","  120","21.0","27.1",,,,,,,,
"USW00014836","LANSING CAPITAL CITY AIRPORT, MI US","42.7761","-84.5997","261.8","2019-06-09","6.26",,"0.62","0.0","0.0","67","70","60","  140","  150","15.0","19.0","    1",,,,,,,
"USW00014836","LANSING CAPITAL CITY AIRPORT, MI US","42.7761","-84.5997","261.8","2019-06-10","10.96",,"1.23","0.0","0.0","65","68","53","  300","  320","23.9","30.0","    1",,,,,,,
"USW00014836","LANSING CAPITAL CITY AIRPORT, MI US","42.7761","-84.5997","261.8","2019-06-11","5.37",,"0.00","0.0","0.0","62","78","48","  270","  280","17.0","23.0",,,,,,,,
"USW00014836","LANSING CAPITAL CITY AIRPORT, MI US","42.7761","-84.5997","261.8","2019-06-12","9.62",,"0.00","0.0","0.0","67","76","56","  180","  210","21.0","25.9",,,,,,,,
"USW00014836","LANSING CAPITAL CITY AIRPORT, MI US","42.7761","-84.5997","261.8","2019-06-13","8.95",,"0.38","0.0","0.0","58","62","52","  330","  340","21.9","29.1","    1",,,,,,,
"USW00014836","LANSING CAPITAL CITY AIRPORT, MI US","42.7761","-84.5997","261.8","2019-06-14","10.96",,"0.00","0.0","0.0","60","74","45","  210","  210","23.0","29.1",,,,,,,,
"USW00014836","LANSING CAPITAL CITY AIRPORT, MI US","42.7761","-84.5997","261.8","2019-06-15","9.84",,"0.02","0.0","0.0","67","72","60","  240","  240","25.9","36.0","    1",,,,,,"    1",
"USW00014836","LANSING CAPITAL CITY AIRPORT, MI US","42.7761","-84.5997","261.8","2019-06-16","6.26",,"0.30","0.0","0.0","58","62","52","   80","   60","15.0","19.9","    1",,,,,,,
"USW00014836","LANSING CAPITAL CITY AIRPORT, MI US","42.7761","-84.5997","261.8","2019-06-17","4.47",,"0.00","0.0","0.0","60","69","55","   50","   40","10.1","13.0",,,,,,,,
"USW00014836","LANSING CAPITAL CITY AIRPORT, MI US","42.7761","-84.5997","261.8","2019-06-18","1.79",,"0.00","0.0","0.0","69","81","59","  280","  280","8.1","11.0","    1",,,,,,,
"USW00014836","LANSING CAPITAL CITY AIRPORT, MI US","42.7761","-84.5997","261.8","2019-06-19","4.92",,"1.35","0.0","0.0","69","77","60","  240","  250","18.1","23.0","    1",,"    1",,,,"    1",
"USW00014836","LANSING CAPITAL CITY AIRPORT, MI US","42.7761","-84.5997","261.8","2019-06-20","8.28",,"1.04","0.0","0.0","63","66","55","   50","   40","18.1","23.9","    1",,,,,,,
"USW00014836","LANSING CAPITAL CITY AIRPORT, MI US","42.7761","-84.5997","261.8","2019-06-21","2.91",,"0.00","0.0","0.0","64","77","52","  340","  290","12.1","14.1","    1",,,,,,,
"USW00014836","LANSING CAPITAL CITY AIRPORT, MI US","42.7761","-84.5997","261.8","2019-06-22","5.59",,"0.00","0.0","0.0","65","77","52","   50","   30","15.0","23.0",,,,,,,,
"USW00014836","LANSING CAPITAL CITY AIRPORT, MI US","42.7761","-84.5997","261.8","2019-06-23","8.28",,"0.02","0.0","0.0","67","81","54","  150","  150","17.0","23.0",,,,,,,,
"USW00014836","LANSING CAPITAL CITY AIRPORT, MI US","42.7761","-84.5997","261.8","2019-06-24","10.29",,"0.23","0.0","0.0","71","78","63","  240","  230","21.9","29.1","    1",,,,,,,
"USW00014836","LANSING CAPITAL CITY AIRPORT, MI US","42.7761","-84.5997","261.8","2019-06-25","13.20",,"0.05","0.0","0.0","71","83","61","  250","  250","30.0","42.9","    1",,"    1",,,,,
"USW00014836","LANSING CAPITAL CITY AIRPORT, MI US","42.7761","-84.5997","261.8","2019-06-26","7.16",,"0.00","0.0","0.0","73","84","62","  260","  270","17.0","23.0",,,,,,,,
"USW00014836","LANSING CAPITAL CITY AIRPORT, MI US","42.7761","-84.5997","261.8","2019-06-27","4.03",,"0.00","0.0","0.0","74","87","62","  220","  220","17.0","25.1",,,,,,,,
"USW00014836","LANSING CAPITAL CITY AIRPORT, MI US","42.7761","-84.5997","261.8","2019-06-28","5.37",,"0.00","0.0","0.0","77","87","68","  250","  330","17.0","21.9",,,,,,,,
"USW00014836","LANSING CAPITAL CITY AIRPORT, MI US","42.7761","-84.5997","261.8","2019-06-29","4.03",,"0.00","0.0","0.0","77","87","67","  320",,"8.9",,"    1",,,,,,,
"USW00014836","LANSING CAPITAL CITY AIRPORT, MI US","42.7761","-84.5997","261.8","2019-06-30","3.13",,"0.00","0.0","0.0","76","84","65","  310","  300","10.1","15.0",,,,,,,,
"USW00014836","LANSING CAPITAL CITY AIRPORT, MI US","42.7761","-84.5997","261.8","2019-07-01","7.61"," 1628","0.00","0.0","0.0","77","90","67","  290","  270","14.1","17.0",,,,,,,,
"USW00014836","LANSING CAPITAL CITY AIRPORT, MI US","42.7761","-84.5997","261.8","2019-07-02","4.70"," 1926","0.47","0.0","0.0","78","90","68","  300","  300","32.0","38.0","    1",,"    1",,,,,
"USW00014836","LANSING CAPITAL CITY AIRPORT, MI US","42.7761","-84.5997","261.8","2019-07-03","6.04"," 1721","0.00","0.0","0.0","75","86","69","   80","   30","13.0","16.1","    1",,,,,,,
"USW00014836","LANSING CAPITAL CITY AIRPORT, MI US","42.7761","-84.5997","261.8","2019-07-04","5.59"," 1521","0.19","0.0","0.0","78","89","69","   70","   70","21.9","25.9","    1",,"    1",,,,,
"USW00014836","LANSING CAPITAL CITY AIRPORT, MI US","42.7761","-84.5997","261.8","2019-07-05","5.82"," 1438","0.00","0.0","0.0","78","89","72","  290","  290","19.9","25.1","    1",,,,,,,
"USW00014836","LANSING CAPITAL CITY AIRPORT, MI US","42.7761","-84.5997","261.8","2019-07-06","7.83"," 0449","0.00","0.0","0.0","78","86","67","  210","  210","30.0","31.1","    1",,,,,,"    1",
"USW00014836","LANSING CAPITAL CITY AIRPORT, MI US","42.7761","-84.5997","261.8","2019-07-07","8.72"," 1233","0.00","0.0","0.0","72","80","61","   30","   50","16.1","21.0",,,,,,,,
"USW00014836","LANSING CAPITAL CITY AIRPORT, MI US","42.7761","-84.5997","261.8","2019-07-08","3.80"," 0903","0.00","0.0","0.0","67","80","52","   60","   60","14.1","17.0",,,,,,,,
"USW00014836","LANSING CAPITAL CITY AIRPORT, MI US","42.7761","-84.5997","261.8","2019-07-09","3.36",,"0.00","0.0","0.0","70","83","57","  140",,"8.1",,,,,,,,,
"USW00014836","LANSING CAPITAL CITY AIRPORT, MI US","42.7761","-84.5997","261.8","2019-07-10","7.83"," 1020","0.00","0.0","0.0","76","91","64","  260","  190","15.0","19.9",,,,,,,,
"USW00014836","LANSING CAPITAL CITY AIRPORT, MI US","42.7761","-84.5997","261.8","2019-07-11","9.40"," 1541","0.00","0.0","0.0","79","85","61","  300","  300","17.0","21.9",,,,,,,,
"USW00014836","LANSING CAPITAL CITY AIRPORT, MI US","42.7761","-84.5997","261.8","2019-07-12","4.70"," 1633","0.00","0.0","0.0","67","81","56","  230","  250","12.1","15.0",,,,,,,,
"USW00014836","LANSING CAPITAL CITY AIRPORT, MI US","42.7761","-84.5997","261.8","2019-07-13","9.40"," 1256","0.00","0.0","0.0","76","90","64","  260","  260","23.0","30.0",,,,,,,,
"USW00014836","LANSING CAPITAL CITY AIRPORT, MI US","42.7761","-84.5997","261.8","2019-07-14","2.46"," 1306","0.00","0.0","0.0","74","85","59","   10","   10","12.1","14.1",,,,,,,,
"USW00014836","LANSING CAPITAL CITY AIRPORT, MI US","42.7761","-84.5997","261.8","2019-07-15","7.61"," 1510","0.00","0.0","0.0","76","92","62","  250","  250","21.9","27.1",,,"    1",,,,,
"USW00014836","LANSING CAPITAL CITY AIRPORT, MI US","42.7761","-84.5997","261.8","2019-07-16","7.38"," 0755","1.23","0.0","0.0","78","84","70","  220","  230","21.9","28.0","    1",,"    1",,,,,
"USW00014836","LANSING CAPITAL CITY AIRPORT, MI US","42.7761","-84.5997","261.8","2019-07-17","4.47"," 1629","0.00","0.0","0.0","77","87","70","   40","   60","13.0","19.9","    1",,,,,,"    1",
"USW00014836","LANSING CAPITAL CITY AIRPORT, MI US","42.7761","-84.5997","261.8","2019-07-18","9.62"," 1247","0.00","0.0","0.0","77","85","71","  270","  270","21.9","27.1",,,,,,,,
"USW00014836","LANSING CAPITAL CITY AIRPORT, MI US","42.7761","-84.5997","261.8","2019-07-19","10.51"," 1711","0.09","0.0","0.0","83","93","77","  260","  260","23.0","29.1","    1",,"    1",,,,"    1",
"USW00014836","LANSING CAPITAL CITY AIRPORT, MI US","42.7761","-84.5997","261.8","2019-07-20","12.08"," 0136","0.12","0.0","0.0","81","93","71","  290","  290","36.0","49.0","    1",,"    1",,,,,
"USW00014836","LANSING CAPITAL CITY AIRPORT, MI US","42.7761","-84.5997","261.8","2019-07-21","3.36"," 1603","0.33","0.0","0.0","74","81","67","  150","   50","15.0","18.1","    1",,"    1",,,,,
"USW00014836","LANSING CAPITAL CITY AIRPORT, MI US","42.7761","-84.5997","261.8","2019-07-22","7.16"," 1415","0.00","0.0","0.0","69","78","59","   20","   30","16.1","21.0",,,,,,,,
"USW00014836","LANSING CAPITAL CITY AIRPORT, MI US","42.7761","-84.5997","261.8","2019-07-23","5.82"," 1512","0.04","0.0","0.0","66","79","52","  330","  320","19.9","27.1","    1",,"    1",,,,,
"USW00014836","LANSING CAPITAL CITY AIRPORT, MI US","42.7761","-84.5997","261.8","2019-07-24","2.46"," 1747","0.00","0.0","0.0","66","79","54","   10","  330","12.1","32.0","    1",,,,,,,
"USW00014836","LANSING CAPITAL CITY AIRPORT, MI US","42.7761","-84.5997","261.8","2019-07-25","4.25"," 1216","0.00","0.0","0.0","71","84","58","  260","  260","15.0","17.0",,,,,,,,
"USW00014836","LANSING CAPITAL CITY AIRPORT, MI US","42.7761","-84.5997","261.8","2019-07-26","6.49"," 1515","0.00","0.0","0.0","76","84","63","  220","  220","17.0","21.0",,,,,,,,
"USW00014836","LANSING CAPITAL CITY AIRPORT, MI US","42.7761","-84.5997","261.8","2019-07-27","13.65"," 1345","0.00","0.0","0.0","79","86",,"  230","  240","23.9","31.1",,,,,,,,
"USW00014836","LANSING CAPITAL CITY AIRPORT, MI US","42.7761","-84.5997","261.8","2019-07-28","10.51"," 1537","0.00","0.0","0.0","80","90","71","  270","  240","23.0","29.1",,,,,,,,
"USW00014836","LANSING CAPITAL CITY AIRPORT, MI US","42.7761","-84.5997","261.8","2019-07-29","10.51"," 1211","0.26","0.0","0.0","76","83","68","  190","  200","23.9","33.1",,,,,,,,
"USW00014836","LANSING CAPITAL CITY AIRPORT, MI US","42.7761","-84.5997","261.8","2019-07-30","7.16"," 1728","0.00","0.0","0.0","73","84","66","  300","  310","15.0","19.0",,,,,,,,
"USW00014836","LANSING CAPITAL CITY AIRPORT, MI US","42.7761","-84.5997","261.8","2019-07-31","5.37"," 0247","0.00","0.0","0.0","70","78","59","   70","   80","14.1","17.0",,,,,,,,
"USW00014836","LANSING CAPITAL CITY AIRPORT, MI US","42.7761","-84.5997","261.8","2019-08-01","2.91",,"0.00","0.0","0.0","67","79","54","   50","   30","12.1","17.0",,,,,,,,
"USW00014836","LANSING CAPITAL CITY AIRPORT, MI US","42.7761","-84.5997","261.8","2019-08-02","2.01",,"0.00","0.0","0.0","69","83","53","  350","   50","10.1","17.0",,,,,,,,
"USW00014836","LANSING CAPITAL CITY AIRPORT, MI US","42.7761","-84.5997","261.8","2019-08-03","3.80",,"0.00","0.0","0.0","71","87","57","  320","  330","21.0","31.1",,,,,,,,
"USW00014836","LANSING CAPITAL CITY AIRPORT, MI US","42.7761","-84.5997","261.8","2019-08-04","3.58",,"0.00","0.0","0.0","73","86","61","  290","  340","10.1","16.1",,,,,,,,
"USW00014836","LANSING CAPITAL CITY AIRPORT, MI US","42.7761","-84.5997","261.8","2019-08-05","6.26",,"0.00","0.0","0.0","75","88","63","  240","  280","17.0","21.9","    1",,,,,,,
"USW00014836","LANSING CAPITAL CITY AIRPORT, MI US","42.7761","-84.5997","261.8","2019-08-06","4.70",,"0.12","0.0","0.0","74","82","67","  300","  320","18.1","29.1","    1",,"    1",,,,,
"USW00014836","LANSING CAPITAL CITY AIRPORT, MI US","42.7761","-84.5997","261.8","2019-08-07","5.14",,"0.00","0.0","0.0","73","86","62","  260","  260","17.0","23.9","    1",,,,,,,
"USW00014836","LANSING CAPITAL CITY AIRPORT, MI US","42.7761","-84.5997","261.8","2019-08-08","10.74",,"0.10","0.0","0.0","73","82","60","  270","  290","21.9","34.0","    1",,,,,,,
"USW00014836","LANSING CAPITAL CITY AIRPORT, MI US","42.7761","-84.5997","261.8","2019-08-09","8.05",,"0.00","0.0","0.0","68","80","57","  300","  260","19.9","27.1",,,,,,,,
"USW00014836","LANSING CAPITAL CITY AIRPORT, MI US","42.7761","-84.5997","261.8","2019-08-10","3.80",,"0.00","0.0","0.0","68","83","54","  300","  310","14.1","21.9",,,,,,,,
"USW00014836","LANSING CAPITAL CITY AIRPORT, MI US","42.7761","-84.5997","261.8","2019-08-11","3.58",,"0.00","0.0","0.0","69","85","55","  230","  250","14.1","19.0",,,,,,,,
"USW00014836","LANSING CAPITAL CITY AIRPORT, MI US","42.7761","-84.5997","261.8","2019-08-12","4.03",,"0.00","0.0","0.0","77","89","70","  250","  250","16.1","19.9",,,,,,,,
"USW00014836","LANSING CAPITAL CITY AIRPORT, MI US","42.7761","-84.5997","261.8","2019-08-13","7.83",,"0.00","0.0","0.0","76","85","67","   60","   40","14.1","18.1",,,,,,,,
"USW00014836","LANSING CAPITAL CITY AIRPORT, MI US","42.7761","-84.5997","261.8","2019-08-14","7.61",,"0.00","0.0","0.0","71","81","62","   40","   20","16.1","21.0",,,,,,,,
"USW00014836","LANSING CAPITAL CITY AIRPORT, MI US","42.7761","-84.5997","261.8","2019-08-15","6.71",,"0.01","0.0","0.0","66","70","57","  350","  350","13.0","18.1","    1","    1",,,,,,
"USW00014836","LANSING CAPITAL CITY AIRPORT, MI US","42.7761","-84.5997","261.8","2019-08-16","5.59",,"0.00","0.0","0.0","67","82","55","  210","  200","16.1","21.0","    1","    1",,,,,,
"USW00014836","LANSING CAPITAL CITY AIRPORT, MI US","42.7761","-84.5997","261.8","2019-08-17","7.38",,"0.00","0.0","0.0","75","87","64","   60","  250","17.0","23.0",,,"    1",,,,,
"USW00014836","LANSING CAPITAL CITY AIRPORT, MI US","42.7761","-84.5997","261.8","2019-08-18","9.17",,"0.02","0.0","0.0","75","84","68","  270","  240","25.9","38.9","    1",,"    1",,,,"    1",
"USW00014836","LANSING CAPITAL CITY AIRPORT, MI US","42.7761","-84.5997","261.8","2019-08-19","4.25",,"0.00","0.0","0.0","74","87","65","  220","  280","13.0","19.9","    1",,,,,,,
"USW00014836","LANSING CAPITAL CITY AIRPORT, MI US","42.7761","-84.5997","261.8","2019-08-20","4.70",,"0.16","0.0","0.0","75","86","66","  250","  270","16.1","28.0","    1",,"    1",,,,,
"USW00014836","LANSING CAPITAL CITY AIRPORT, MI US","42.7761","-84.5997","261.8","2019-08-21","8.72",,"0.00","0.0","0.0","73","83","66","  260","  250","23.0","29.1","    1",,,,,,"    1",
"USW00014836","LANSING CAPITAL CITY AIRPORT, MI US","42.7761","-84.5997","261.8","2019-08-22","6.49",,"0.00","0.0","0.0","71","78","54","  350","  350","14.1","17.0",,,,,,,,
"USW00014836","LANSING CAPITAL CITY AIRPORT, MI US","42.7761","-84.5997","261.8","2019-08-23","4.47",,"0.00","0.0","0.0","63","75","48","   50","   30","15.0","19.9",,,,,,,,
"USW00014836","LANSING CAPITAL CITY AIRPORT, MI US","42.7761","-84.5997","261.8","2019-08-24","5.59",,"0.00","0.0","0.0","62","75","47","   60","   70","15.0","19.9",,,,,,,,
"USW00014836","LANSING CAPITAL CITY AIRPORT, MI US","42.7761","-84.5997","261.8","2019-08-25","8.05",,"0.00","0.0","0.0","64","78","52","  110","  110","18.1","25.9",,,,,,,,
"USW00014836","LANSING CAPITAL CITY AIRPORT, MI US","42.7761","-84.5997","261.8","2019-08-26","13.42",,"0.30","0.0","0.0","66","76","60","  130","  140","23.0","33.1","    1",,,,,,,
"USW00014836","LANSING CAPITAL CITY AIRPORT, MI US","42.7761","-84.5997","261.8","2019-08-27","10.51",,"0.28","0.0","0.0","71","81","64","  250","  230","19.9","28.0","    1",,,,,,,
"USW00014836","LANSING CAPITAL CITY AIRPORT, MI US","42.7761","-84.5997","261.8","2019-08-28","11.18",,"0.00","0.0","0.0","67","75","57","  250","  240","29.1","36.9",,,,,,,,
"USW00014836","LANSING CAPITAL CITY AIRPORT, MI US","42.7761","-84.5997","261.8","2019-08-29","11.18",,"0.58","0.0","0.0","68","82","55","  320","  330","28.0","38.0","    1",,"    1",,,,,
"USW00014836","LANSING CAPITAL CITY AIRPORT, MI US","42.7761","-84.5997","261.8","2019-08-30","5.82",,"0.00","0.0","0.0","68","75","54","  300","  290","14.1","19.9","    1",,,,,,,
"USW00014836","LANSING CAPITAL CITY AIRPORT, MI US","42.7761","-84.5997","261.8","2019-08-31","5.82",,"0.00","0.0","0.0","62","73","48","  100","  100","15.0","23.0",,,,,,,,
"USW00014836","LANSING CAPITAL CITY AIRPORT, MI US","42.7761","-84.5997","261.8","2019-09-01","3.80",,"0.15","0.0","0.0","63","70","56","  120","  120","13.0","16.1","    1",,,,,,,
"USW00014836","LANSING CAPITAL CITY AIRPORT, MI US","42.7761","-84.5997","261.8","2019-09-02","7.38",,"0.00","0.0","0.0","68","81","60","  250","  260","19.9","25.9","    1",,,,,,,
"USW00014836","LANSING CAPITAL CITY AIRPORT, MI US","42.7761","-84.5997","261.8","2019-09-03","10.96",,"0.04","0.0","0.0","69","80","61","  190","  180","29.1","45.0",,,"    1",,,,,
"USW00014836","LANSING CAPITAL CITY AIRPORT, MI US","42.7761","-84.5997","261.8","2019-09-04","6.26",,"0.00","0.0","0.0","66","70","52","  310","  310","17.0","23.0",,,,,,,,
"USW00014836","LANSING CAPITAL CITY AIRPORT, MI US","42.7761","-84.5997","261.8","2019-09-05","1.79",,"0.00","0.0","0.0","60","74","47","  200","  270","8.9","14.1","    1",,,,,,,
"USW00014836","LANSING CAPITAL CITY AIRPORT, MI US","42.7761","-84.5997","261.8","2019-09-06","6.71",,"0.02","0.0","0.0","61",,"57","  180","  180","12.1","23.0","    1",,,,,,"    1",
"USW00014836","LANSING CAPITAL CITY AIRPORT, MI US","42.7761","-84.5997","261.8","2019-09-07","7.61",,"0.00","0.0","0.0","64","73",,"  270","  270","14.1","16.1",,,,,,,,
"USW00014836","LANSING CAPITAL CITY AIRPORT, MI US","42.7761","-84.5997","261.8","2019-09-08","5.82",,"0.00","0.0","0.0","61","66","52","   30",,"12.1",,,,,,,,,
"USW00014836","LANSING CAPITAL CITY AIRPORT, MI US","42.7761","-84.5997","261.8","2019-09-09","6.26",,"0.01","0.0","0.0","59","71","53","  150",,"8.9",,"    1",,,,,,,
"USW00014836","LANSING CAPITAL CITY AIRPORT, MI US","42.7761","-84.5997","261.8","2019-09-10","9.84",,"0.18","0.0","0.0","68","82","63","  200",,"14.1",,,,"    1",,,,,
"USW00014836","LANSING CAPITAL CITY AIRPORT, MI US","42.7761","-84.5997","261.8","2019-09-11","7.61",,"0.59","0.0","0.0","78","86","70","  350","  360","23.9","38.9","    1",,"    1",,,,"    1",
"USW00014836","LANSING CAPITAL CITY AIRPORT, MI US","42.7761","-84.5997","261.8","2019-09-12","9.40",,"0.01","0.0","0.0","69","70","61","  130","  120","16.1","21.9","    1",,,,,,"    1",
"USW00014836","LANSING CAPITAL CITY AIRPORT, MI US","42.7761","-84.5997","261.8","2019-09-13","13.20",,"0.11","0.0","0.0","69","82","62","  260","  270","23.0","32.0","    1",,,,,,,
"USW00014836","LANSING CAPITAL CITY AIRPORT, MI US","42.7761","-84.5997","261.8","2019-09-14","8.50",,"0.00","0.0","0.0","65","74","56","  240","  240","19.9","27.1",,,,,,,"    1",
"USW00014836","LANSING CAPITAL CITY AIRPORT, MI US","42.7761","-84.5997","261.8","2019-09-15","6.26",,"0.06","0.0","0.0","65","75","58","  240","  250","23.0","35.1","    1",,,,,,,
"USW00014836","LANSING CAPITAL CITY AIRPORT, MI US","42.7761","-84.5997","261.8","2019-09-16","4.47",,"0.00","0.0","0.0","70","79","61","   20","   40","10.1","16.1","    1",,,,,,,
"USW00014836","LANSING CAPITAL CITY AIRPORT, MI US","42.7761","-84.5997","261.8","2019-09-17","3.80",,"0.00","0.0","0.0","63","74","56","   60","   70","10.1","16.1","    1","    1",,,,,,
"USW00014836","LANSING CAPITAL CITY AIRPORT, MI US","42.7761","-84.5997","261.8","2019-09-18","6.49",,"0.00","0.0","0.0","66","80","54","  140","  130","15.0","19.9","    1",,,,,,,
"USW00014836","LANSING CAPITAL CITY AIRPORT, MI US","42.7761","-84.5997","261.8","2019-09-19","6.04",,"0.00","0.0","0.0","69","82","59","  150","  130","10.1","14.1",,,,,,,,
"USW00014836","LANSING CAPITAL CITY AIRPORT, MI US","42.7761","-84.5997","261.8","2019-09-20","1.12",,"0.00","0.0","0.0","70","83","60","  180","  190","8.1","11.0",,,,,,,,
"USW00014836","LANSING CAPITAL CITY AIRPORT, MI US","42.7761","-84.5997","261.8","2019-09-21","6.26",,"0.00","0.0","0.0","72","86","64","  200","  200","21.9","32.0",,,"    1",,,,,
"USW00014836","LANSING CAPITAL CITY AIRPORT, MI US","42.7761","-84.5997","261.8","2019-09-22","12.53",,"0.40","0.0","0.0","75","84","68","  230","  240","25.9","35.1","    1",,,,,,,
"USW00014836","LANSING CAPITAL CITY AIRPORT, MI US","42.7761","-84.5997","261.8","2019-09-23","10.74",,"0.02","0.0","0.0","68","71","54","  260","  270","23.0","31.1","    1",,,,,,,
"USW00014836","LANSING CAPITAL CITY AIRPORT, MI US","42.7761","-84.5997","261.8","2019-09-24","7.38",,"0.00","0.0","0.0","63","77","52","  240","  260","18.1","36.9",,,,,,,,
"USW00014836","LANSING CAPITAL CITY AIRPORT, MI US","42.7761","-84.5997","261.8","2019-09-25","12.75",,"0.00","0.0","0.0","67","73","61","  220","  220","25.1","36.0",,,,,,,,
"USW00014836","LANSING CAPITAL CITY AIRPORT, MI US","42.7761","-84.5997","261.8","2019-09-26","9.17",,"0.00","0.0","0.0","64","69","47","  260","  250","21.9","33.1",,,,,,,,
"USW00014836","LANSING CAPITAL CITY AIRPORT, MI US","42.7761","-84.5997","261.8","2019-09-27","10.74",,"0.69","0.0","0.0","59","72","50","  170","  180","30.0","40.9","    1",,"    1",,,,,
"USW00014836","LANSING CAPITAL CITY AIRPORT, MI US","42.7761","-84.5997","261.8","2019-09-28","6.71",,"0.43","0.0","0.0","63","66","51","   30","   20","15.0","21.9","    1",,,,,,,
"USW00014836","LANSING CAPITAL CITY AIRPORT, MI US","42.7761","-84.5997","261.8","2019-09-29","8.50",,"0.71","0.0","0.0","54","58","49","   60","   70","17.0","23.9","    1",,,,,,,
"USW00014836","LANSING CAPITAL CITY AIRPORT, MI US","42.7761","-84.5997","261.8","2019-09-30","7.83",,"0.01","0.0","0.0","64","82","57","  160","  150","14.1","19.0","    1",,,,,,,
"USW00014836","LANSING CAPITAL CITY AIRPORT, MI US","42.7761","-84.5997","261.8","2019-10-01","8.50",,"0.19","0.0","0.0","73","79","68","  350","  340","21.9","29.1","    1",,"    1",,,,,
"USW00014836","LANSING CAPITAL CITY AIRPORT, MI US","42.7761","-84.5997","261.8","2019-10-02","10.07",,"0.89","0.0","0.0","63","69","51","   70","   70","17.0","25.1","    1","    1","    1",,,,,
"USW00014836","LANSING CAPITAL CITY AIRPORT, MI US","42.7761","-84.5997","261.8","2019-10-03","8.95",,"1.26","0.0","0.0","55","65","50","  260","  260","25.1","34.0","    1",,,,,,,
"USW00014836","LANSING CAPITAL CITY AIRPORT, MI US","42.7761","-84.5997","261.8","2019-10-04","8.28",,"0.00","0.0","0.0","51","55","42","   30","   20","16.1","23.0",,,,,,,,
"USW00014836","LANSING CAPITAL CITY AIRPORT, MI US","42.7761","-84.5997","261.8","2019-10-05","9.17",,"0.03","0.0","0.0","50","60","40","  160","  150","21.0","27.1",,,,,,,,
"USW00014836","LANSING CAPITAL CITY AIRPORT, MI US","42.7761","-84.5997","261.8","2019-10-06","10.74",,"0.00","0.0","0.0","58","66","54","  260","  260","21.9","30.0",,,,,,,,
"USW00014836","LANSING CAPITAL CITY AIRPORT, MI US","42.7761","-84.5997","261.8","2019-10-07","7.83",,"0.00","0.0","0.0","58","69","44","  260","  260","21.0","29.1",,,,,,,,
"USW00014836","LANSING CAPITAL CITY AIRPORT, MI US","42.7761","-84.5997","261.8","2019-10-08","2.24",,"0.00","0.0","0.0","52","68","38","  110","  160","10.1","14.1","    1",,,,,,,
"USW00014836","LANSING CAPITAL CITY AIRPORT, MI US","42.7761","-84.5997","261.8","2019-10-09","5.59",,"0.00","0.0","0.0","55","69","43","  100","  130","14.1","23.9","    1",,,,,,,
"USW00014836","LANSING CAPITAL CITY AIRPORT, MI US","42.7761","-84.5997","261.8","2019-10-10","9.40",,"0.00","0.0","0.0","58","72","45","  130","  120","18.1","25.1","    1",,,,,,,
"USW00014836","LANSING CAPITAL CITY AIRPORT, MI US","42.7761","-84.5997","261.8","2019-10-11","12.97",,"1.05","0.0","0.0","62","65","44","  260","  280","28.0","35.1","    1",,,,,,,
"USW00014836","LANSING CAPITAL CITY AIRPORT, MI US","42.7761","-84.5997","261.8","2019-10-12","13.65",,"0.00","0.0","0.0","44","49","39","  230","  210","23.0","33.1",,,,,,,,
"USW00014836","LANSING CAPITAL CITY AIRPORT, MI US","42.7761","-84.5997","261.8","2019-10-13","14.32",,"0.00","0.0","0.0","47","56","42","  250","  240","32.0","47.0",,,,,,,,
"USW00014836","LANSING CAPITAL CITY AIRPORT, MI US","42.7761","-84.5997","261.8","2019-10-14","6.93",,"0.00","0.0","0.0","45","51","34","  230","  220","17.0","21.9",,,,,,,,
"USW00014836","LANSING CAPITAL CITY AIRPORT, MI US","42.7761","-84.5997","261.8","2019-10-15","8.50",,"0.20","0.0","0.0","45","61","32","  240","  250","21.9","30.0","    1",,"    1",,,,,
"USW00014836","LANSING CAPITAL CITY AIRPORT, MI US","42.7761","-84.5997","261.8","2019-10-16","16.11",,"0.04","0.0","0.0","50","54","42","  310","  310","25.1","36.0","    1",,,,,,"    1",
"USW00014836","LANSING CAPITAL CITY AIRPORT, MI US","42.7761","-84.5997","261.8","2019-10-17","9.40",,"0.00","0.0","0.0","45","53","38","  330","  340","18.1","25.9",,,,,,,,
"USW00014836","LANSING CAPITAL CITY AIRPORT, MI US","42.7761","-84.5997","261.8","2019-10-18","2.91",,"0.00","0.0","0.0","43","55","31","  140","  140","8.1","11.0","    1",,,,,,,
"USW00014836","LANSING CAPITAL CITY AIRPORT, MI US","42.7761","-84.5997","261.8","2019-10-19","8.28",,"0.00","0.0","0.0","47","61","39","  150","  140","16.1","23.0",,,,,,,,
"USW00014836","LANSING CAPITAL CITY AIRPORT, MI US","42.7761","-84.5997","261.8","2019-10-20","2.91",,"0.00","0.0","0.0","55","68","47","  310","  270","10.1","14.1","    1",,,,,,,
"USW00014836","LANSING CAPITAL CITY AIRPORT, MI US","42.7761","-84.5997","261.8","2019-10-21","13.42",,"0.24","0.0","0.0","55","62","50","  120","  110","31.1","45.0","    1",,,,,,,
"USW00014836","LANSING CAPITAL CITY AIRPORT, MI US","42.7761","-84.5997","261.8","2019-10-22","15.88",,"0.06","0.0","0.0","51","54","45","  220","  200","29.1","46.1",,,,,,,,
"USW00014836","LANSING CAPITAL CITY AIRPORT, MI US","42.7761","-84.5997","261.8","2019-10-23","12.08",,"0.01","0.0","0.0","48","58","41","  260","  260","29.1","38.0",,,,,,,,
"USW00014836","LANSING CAPITAL CITY AIRPORT, MI US","42.7761","-84.5997","261.8","2019-10-24","5.59",,"0.00","0.0","0.0","47","53","42","  330","  320","16.1","23.9",,,,,,,,
"USW00014836","LANSING CAPITAL CITY AIRPORT, MI US","42.7761","-84.5997","261.8","2019-10-25","2.01",,"0.00","0.0","0.0","43","48","32","  310","  310","10.1","13.0","    1",,,,,,,
"USW00014836","LANSING CAPITAL CITY AIRPORT, MI US","42.7761","-84.5997","261.8","2019-10-26","7.38",,"1.52","0.0","0.0","39","57","30","   90","  120","21.9","32.0","    1",,,,,,,
"USW00014836","LANSING CAPITAL CITY AIRPORT, MI US","42.7761","-84.5997","261.8","2019-10-27","11.41",,"0.16","0.0","0.0","52","58","39","  210","  210","29.1","40.0","    1",,,,,,,
"USW00014836","LANSING CAPITAL CITY AIRPORT, MI US","42.7761","-84.5997","261.8","2019-10-28","3.80",,"0.00","0.0","0.0","49","64","39","  210","  230","16.1","21.0","    1",,,,,,,
"USW00014836","LANSING CAPITAL CITY AIRPORT, MI US","42.7761","-84.5997","261.8","2019-10-29","6.26",,"0.01","0.0","0.0","47","51","38","  330","  340","15.0","21.9","    1",,,,,,,
"USW00014836","LANSING CAPITAL CITY AIRPORT, MI US","42.7761","-84.5997","261.8","2019-10-30","6.26",,"0.55","0.0","0.0","40","42","37","   20","   20","13.0","18.1","    1",,,,,,,
"USW00014836","LANSING CAPITAL CITY AIRPORT, MI US","42.7761","-84.5997","261.8","2019-10-31","13.42",,"1.02","0.8","0.0","41","44","33","  280","  300","23.9","38.9","    1",,,,,,,
"USW00014836","LANSING CAPITAL CITY AIRPORT, MI US","42.7761","-84.5997","261.8","2019-11-01","10.74",,"0.00","0.0","0.0","35","42","32","  280","  290","21.0","33.1",,,,,,,,
"USW00014836","LANSING CAPITAL CITY AIRPORT, MI US","42.7761","-84.5997","261.8","2019-11-02","11.41",,"0.05","0.0","0.0","39","44","35","  240","  240","23.9","34.0","    1",,,,,,,
"USW00014836","LANSING CAPITAL CITY AIRPORT, MI US","42.7761","-84.5997","261.8","2019-11-03","9.40",,"0.00","0.0","0.0","38","46","32","  210","  180","18.1","25.9",,,,,,,,
"USW00014836","LANSING CAPITAL CITY AIRPORT, MI US","42.7761","-84.5997","261.8","2019-11-04","13.42",,"0.01","0.0","0.0","46","54","41","  220","  210","23.0","31.1",,,,,,,,
"USW00014836","LANSING CAPITAL CITY AIRPORT, MI US","42.7761","-84.5997","261.8","2019-11-05","10.07",,"0.00","0.0","0.0","40","44","26","  260","  260","25.1","33.1",,,,,,,,
"USW00014836","LANSING CAPITAL CITY AIRPORT, MI US","42.7761","-84.5997","261.8","2019-11-06","4.92",,"0.02","0.0","0.0","31","38","24","  350","  340","15.0","23.0","    1",,,,,"    1",,
"USW00014836","LANSING CAPITAL CITY AIRPORT, MI US","42.7761","-84.5997","261.8","2019-11-07","9.62",,"0.00","0.0","0.0","31","34","22","  290","  280","18.1","25.1","    1",,,,,,,
"USW00014836","LANSING CAPITAL CITY AIRPORT, MI US","42.7761","-84.5997","261.8","2019-11-08","6.26",,"0.00","0.0","0.0","26","34","19","  290","  280","14.1","19.9",,,,,,,,
"USW00014836","LANSING CAPITAL CITY AIRPORT, MI US","42.7761","-84.5997","261.8","2019-11-09","10.96",,"0.00","0.0","0.0","32","42","27","  220","  220","19.9","25.1",,,,,,,,
"USW00014836","LANSING CAPITAL CITY AIRPORT, MI US","42.7761","-84.5997","261.8","2019-11-10","6.71",,"0.00","0.0","0.0","39","42","32","   20","   40","13.0","18.1","    1",,,,,,"    1",
"USW00014836","LANSING CAPITAL CITY AIRPORT, MI US","42.7761","-84.5997","261.8","2019-11-11","10.07",,"0.54","5.6","1.2","29","32","18","  350","  360","17.0","23.9","    1",,,,,,"    1",
"USW00014836","LANSING CAPITAL CITY AIRPORT, MI US","42.7761","-84.5997","261.8","2019-11-12","7.83",,"0.00","0.2","3.9","19","24","8","  260","  300","18.1","23.0","    1",,,,,,"    1",
"USW00014836","LANSING CAPITAL CITY AIRPORT, MI US","42.7761","-84.5997","261.8","2019-11-13","10.29",,"0.00","0.0","3.9","15","23","8","  170","  180","19.9","28.0",,,,,,,"    1",
"USW00014836","LANSING CAPITAL CITY AIRPORT, MI US","42.7761","-84.5997","261.8","2019-11-14","9.84",,"0.02","0.2","3.1","26","31","23","  260","  250","23.0","29.1","    1",,,,,,"    1",
"USW00014836","LANSING CAPITAL CITY AIRPORT, MI US","42.7761","-84.5997","261.8","2019-11-15","8.72",,"0.00","0.0","3.1","32","38","24","  260","  250","21.9","29.1",,,,,,,"    1",
"USW00014836","LANSING CAPITAL CITY AIRPORT, MI US","42.7761","-84.5997","261.8","2019-11-16","6.04",,"0.00","0.0","2.0","26","33","19","   60","   50","13.0","17.0",,,,,,,,
"USW00014836","LANSING CAPITAL CITY AIRPORT, MI US","42.7761","-84.5997","261.8","2019-11-17","4.47",,"0.00","0.0","2.0","27","40","16","  160","  170","8.9","13.0",,,,,,,,
"USW00014836","LANSING CAPITAL CITY AIRPORT, MI US","42.7761","-84.5997","261.8","2019-11-18","1.57",,"0.00","0.0","1.2","37","46","28","  160","  160","8.1","10.1","    1",,,,,,"    1",
"USW00014836","LANSING CAPITAL CITY AIRPORT, MI US","42.7761","-84.5997","261.8","2019-11-19","1.12",,"0.01","0.0","0.0","36","41","29","  240","  250","6.0","6.9","    1","    1",,,,,"    1",
"USW00014836","LANSING CAPITAL CITY AIRPORT, MI US","42.7761","-84.5997","261.8","2019-11-20","4.70",,"0.00","0.0","0.0","39","42","36","  160","  160","10.1","13.0","    1",,,,,,"    1",
"USW00014836","LANSING CAPITAL CITY AIRPORT, MI US","42.7761","-84.5997","261.8","2019-11-21","16.11",,"0.29","0.0","0.0","43","52","38","  260","  240","33.1","46.1","    1",,,,,,"    1",
"USW00014836","LANSING CAPITAL CITY AIRPORT, MI US","42.7761","-84.5997","261.8","2019-11-22","9.40",,"0.00","0.0","0.0","37","39","24","  320","  320","21.0","29.1",,,,,,,,
"USW00014836","LANSING CAPITAL CITY AIRPORT, MI US","42.7761","-84.5997","261.8","2019-11-23","5.59",,"0.00","0.0","0.0","29","38","21","  230","  240","14.1","19.0","    1",,,,,,"    1",
"USW00014836","LANSING CAPITAL CITY AIRPORT, MI US","42.7761","-84.5997","261.8","2019-11-24","10.07",,"0.01","0.0","0.0","34","47","28","  250","  230","21.0","27.1","    1",,,,,,"    1",
"USW00014836","LANSING CAPITAL CITY AIRPORT, MI US","42.7761","-84.5997","261.8","2019-11-25","8.05",,"0.00","0.0","0.0","42","48","37","  220","  220","13.0","19.0",,,,,,,,
"USW00014836","LANSING CAPITAL CITY AIRPORT, MI US","42.7761","-84.5997","261.8","2019-11-26","5.82",,"0.44","0.0","0.0","42","51","30","  100","  100","15.0","23.0","    1","    1","    1",,,,"    1",
"USW00014836","LANSING CAPITAL CITY AIRPORT, MI US","42.7761","-84.5997","261.8","2019-11-27","21.70",,"0.45","0.0","0.0","46","53","35","  250","  250","36.9","57.0","    1",,,,,,,
"USW00014836","LANSING CAPITAL CITY AIRPORT, MI US","42.7761","-84.5997","261.8","2019-11-28","8.28",,"0.00","0.0","0.0","35","35","31","  310","  300","23.0","33.1",,,,,,,,
"USW00014836","LANSING CAPITAL CITY AIRPORT, MI US","42.7761","-84.5997","261.8","2019-11-29","4.03",,"0.00","0.0","0.0","32","35","30","   70","   70","8.9","13.0",,,,,,,,
"USW00014836","LANSING CAPITAL CITY AIRPORT, MI US","42.7761","-84.5997","261.8","2019-11-30","11.63",,"0.01","0.0","0.0","33","36","31","   90","  100","21.9","29.1","    1",,,,,,,
"USW00014836","LANSING CAPITAL CITY AIRPORT, MI US","42.7761","-84.5997","261.8","2019-12-01","8.28",,"0.89","0.4","0.0","34","37","32","  100","   90","25.9","38.0","    1","    1","    1",,,,"    1",
"USW00014836","LANSING CAPITAL CITY AIRPORT, MI US","42.7761","-84.5997","261.8","2019-12-02","8.28",,"0.00","0.0","0.0","31","33","27","  350","  360","16.1","25.1","    1",,,,,,,
"USW00014836","LANSING CAPITAL CITY AIRPORT, MI US","42.7761","-84.5997","261.8","2019-12-03","9.62",,"0.01","0.0","0.0","30","35","27","  220","  220","19.9","23.9","    1",,,,,,"    1",
"USW00014836","LANSING CAPITAL CITY AIRPORT, MI US","42.7761","-84.5997","261.8","2019-12-04","12.75",,"0.00","0.1","0.0","35","36","31","  290","  270","19.9","29.1","    1",,,,,,"    1",
"USW00014836","LANSING CAPITAL CITY AIRPORT, MI US","42.7761","-84.5997","261.8","2019-12-05","6.71",,"0.00","0.0","0.0","34","38","33","  290","  270","15.0","19.9",,,,,,,,
"USW00014836","LANSING CAPITAL CITY AIRPORT, MI US","42.7761","-84.5997","261.8","2019-12-06","9.40",,"0.00","0.0","0.0","36","41","26","  340","  320","18.1","27.1",,,,,,,,
"USW00014836","LANSING CAPITAL CITY AIRPORT, MI US","42.7761","-84.5997","261.8","2019-12-07","7.38",,"0.00","0.0","0.0","28","34","22","  170","  190","14.1","18.1",,,,,,,,
"USW00014836","LANSING CAPITAL CITY AIRPORT, MI US","42.7761","-84.5997","261.8","2019-12-08","11.63",,"0.00","0.0","0.0","36","47","31","  190","  190","23.0","32.0",,,,,,,,
"USW00014836","LANSING CAPITAL CITY AIRPORT, MI US","42.7761","-84.5997","261.8","2019-12-09","12.30",,"0.40","0.0","0.0","47","49","37","  260","  260","33.1","48.1","    1",,,,,,,
"USW00014836","LANSING CAPITAL CITY AIRPORT, MI US","42.7761","-84.5997","261.8","2019-12-10","12.97",,"0.03","0.6","0.0","31","37","20","  270","  270","30.0","40.0","    1",,,,,,,
"USW00014836","LANSING CAPITAL CITY AIRPORT, MI US","42.7761","-84.5997","261.8","2019-12-11",,,"0.00","0.0","1.2","20","21","12",,,,,,,,,,,,
"USW00014836","LANSING CAPITAL CITY AIRPORT, MI US","42.7761","-84.5997","261.8","2019-12-12","11.86",,"0.00","0.0","0.0","21","35","12","  170","  180","21.9","32.0",,,,,,,,
"USW00014836","LANSING CAPITAL CITY AIRPORT, MI US","42.7761","-84.5997","261.8","2019-12-13","7.38",,"0.00","0.0","0.0","36","41","32","  190","  180","17.0","23.0",,,,,,,,
"USW00014836","LANSING CAPITAL CITY AIRPORT, MI US","42.7761","-84.5997","261.8","2019-12-14","7.61",,"0.00","0.0","0.0","33","34","28","  270","  300","21.0","29.1","    1",,,,,"    1","    1",
"USW00014836","LANSING CAPITAL CITY AIRPORT, MI US","42.7761","-84.5997","261.8","2019-12-15","8.95",,"0.04","0.5","0.0","28","30","22","  270","  280","18.1","29.1","    1",,,,,,"    1",
"USW00014836","LANSING CAPITAL CITY AIRPORT, MI US","42.7761","-84.5997","261.8","2019-12-16","1.34",,"0.00","0.0","0.0","26","32","20","  330","  330","6.0","6.9","    1",,,,,,"    1",
"USW00014836","LANSING CAPITAL CITY AIRPORT, MI US","42.7761","-84.5997","261.8","2019-12-17","9.17",,"0.03","0.6","0.0","26","31","21","  280","  290","21.9","30.0","    1",,,,,,,
"USW00014836","LANSING CAPITAL CITY AIRPORT, MI US","42.7761","-84.5997","261.8","2019-12-18","11.41",,"0.03","0.7","1.2","20","26","7","  290","  280","21.9","31.1","    1",,,,,,"    1",
"USW00014836","LANSING CAPITAL CITY AIRPORT, MI US","42.7761","-84.5997","261.8","2019-12-19","7.38",,"0.00","0.0","1.2","17","31","7","  210","  200","21.9","29.1",,,,,,,,
"USW00014836","LANSING CAPITAL CITY AIRPORT, MI US","42.7761","-84.5997","261.8","2019-12-20","9.17",,"0.00","0.0","0.0","29","36","26","  150","  150","18.1","23.9",,,,,,,"    1",
"USW00014836","LANSING CAPITAL CITY AIRPORT, MI US","42.7761","-84.5997","261.8","2019-12-21","7.61",,"0.00","0.0","0.0","34","47","26","  230","  210","16.1","23.9",,,,,,,"    1",
"USW00014836","LANSING CAPITAL CITY AIRPORT, MI US","42.7761","-84.5997","261.8","2019-12-22","11.18",,"0.00","0.0","0.0","38","52","30","  230","  220","21.0","27.1",,,,,,,,
"USW00014836","LANSING CAPITAL CITY AIRPORT, MI US","42.7761","-84.5997","261.8","2019-12-23","7.83",,"0.00","0.0","0.0","42","51","28","  230","  220","15.0","19.9","    1",,,,,,"    1",
"USW00014836","LANSING CAPITAL CITY AIRPORT, MI US","42.7761","-84.5997","261.8","2019-12-24","7.61",,"0.00","0.0","0.0","31","35","25","  150","  150","15.0","19.0","    1","    1",,,,,"    1",
"USW00014836","LANSING CAPITAL CITY AIRPORT, MI US","42.7761","-84.5997","261.8","2019-12-25","5.59",,"0.00","0.0","0.0","39","57","30","  200","  210","13.0","17.0","    1",,,,,,"    1",
"USW00014836","LANSING CAPITAL CITY AIRPORT, MI US","42.7761","-84.5997","261.8","2019-12-26","8.50",,"0.00","0.0","0.0","48","59","43","  230","  230","17.0","21.9",,,,,,,,
"USW00014836","LANSING CAPITAL CITY AIRPORT, MI US","42.7761","-84.5997","261.8","2019-12-27","11.63",,"0.00","0.0","0.0","44","55","32","  270","  250","21.0","27.1","    1",,,,,,"    1",
"USW00014836","LANSING CAPITAL CITY AIRPORT, MI US","42.7761","-84.5997","261.8","2019-12-28","6.93",,"0.00","0.0","0.0","33","39","30","  130","  100","15.0","21.0","    1",,,,,,"    1",
"USW00014836","LANSING CAPITAL CITY AIRPORT, MI US","42.7761","-84.5997","261.8","2019-12-29","10.51",,"0.89","0.0","0.0","43","52","39","  100","  100","29.1","36.9","    1","    1",,,,,"    1",
"USW00014836","LANSING CAPITAL CITY AIRPORT, MI US","42.7761","-84.5997","261.8","2019-12-30","18.12",,"1.41","0.0","0.0","43","51","30","  250","  260","36.0","47.0","    1",,,,,,,
"USW00014836","LANSING CAPITAL CITY AIRPORT, MI US","42.7761","-84.5997","261.8","2019-12-31","16.11",,"0.18","2.5","2.0","29","31","27","  270","  210","23.9","35.1","    1",,,,,,,
"USW00014836","LANSING CAPITAL CITY AIRPORT, MI US","42.7761","-84.5997","261.8","2020-01-01","13.20",,"0.00","0.0","2.0","29","39","24","  200","  190","23.0","33.1",,,,,,,,
"USW00014836","LANSING CAPITAL CITY AIRPORT, MI US","42.7761","-84.5997","261.8","2020-01-02","14.09",,"0.00","0.0","1.2","39","45","36","  220","  210","25.1","34.0",,,,,,,,
"USW00014836","LANSING CAPITAL CITY AIRPORT, MI US","42.7761","-84.5997","261.8","2020-01-03","5.59",,"0.00","0.0","0.0","39","41","33","  290","  290","14.1","17.0","    1",,,,,,,
"USW00014836","LANSING CAPITAL CITY AIRPORT, MI US","42.7761","-84.5997","261.8","2020-01-04","9.40",,"0.00","0.0","0.0","32","33","29","  290","  290","18.1","27.1","    1",,,,,,,
"USW00014836","LANSING CAPITAL CITY AIRPORT, MI US","42.7761","-84.5997","261.8","2020-01-05","12.97",,"0.02","0.0","0.0","30","36","28","  260","  280","25.1","35.1","    1",,,,,,"    1",
"USW00014836","LANSING CAPITAL CITY AIRPORT, MI US","42.7761","-84.5997","261.8","2020-01-06","15.21",,"0.00","0.0","0.0","35","42","29","  260","  270","25.9","40.9",,,,,,,,
"USW00014836","LANSING CAPITAL CITY AIRPORT, MI US","42.7761","-84.5997","261.8","2020-01-07","10.74",,"0.06","0.6","0.0","32","38","26","  270","  260","25.9","35.1","    1",,,,,,"    1",
"USW00014836","LANSING CAPITAL CITY AIRPORT, MI US","42.7761","-84.5997","261.8","2020-01-08","10.51",,"0.00","0.2","1.2","24","29","11","  270","  310","21.9","30.0","    1",,,,,,"    1",
"USW00014836","LANSING CAPITAL CITY AIRPORT, MI US","42.7761","-84.5997","261.8","2020-01-09","16.55",,"0.00","0.0","0.0","23","48","16","  160","  210","25.1","35.1",,,,,,,,
"USW00014836","LANSING CAPITAL CITY AIRPORT, MI US","42.7761","-84.5997","261.8","2020-01-10","8.72",,"0.10","0.0","0.0","47","48","44","  210","  210","23.9","34.0","    1",,,,,,,
"USW00014836","LANSING CAPITAL CITY AIRPORT, MI US","42.7761","-84.5997","261.8","2020-01-11","15.66",,"2.38","0.2","0.0","40","51","24","   30","   20","28.0","42.9","    1",,,,,"    1",,
"USW00014836","LANSING CAPITAL CITY AIRPORT, MI US","42.7761","-84.5997","261.8","2020-01-12","4.92",,"0.04","0.3","1.2","24","27","19","  350","  360","21.9","32.0","    1",,,,,"    1",,
"USW00014836","LANSING CAPITAL CITY AIRPORT, MI US","42.7761","-84.5997","261.8","2020-01-13","7.16",,"0.02","0.1","1.2","29","34","27","  260","  250","14.1","19.0","    1",,,,,,"    1",
"USW00014836","LANSING CAPITAL CITY AIRPORT, MI US","42.7761","-84.5997","261.8","2020-01-14","11.18",,"0.00","0.0","1.2","34","37","32","  260","  270","21.0","30.0","    1",,,,,,"    1",
"USW00014836","LANSING CAPITAL CITY AIRPORT, MI US","42.7761","-84.5997","261.8","2020-01-15","5.82",,"0.00","0.0","0.0","33","37","25","  290","  300","15.0","21.0","    1",,,,,,"    1",
"USW00014836","LANSING CAPITAL CITY AIRPORT, MI US","42.7761","-84.5997","261.8","2020-01-16","13.42",,"0.02","0.0","0.0","29","34","20","  280","  290","25.1","38.0","    1",,,,,,"    1",
"USW00014836","LANSING CAPITAL CITY AIRPORT, MI US","42.7761","-84.5997","261.8","2020-01-17","9.40",,"0.15","1.5","0.0","22","26","17","  120","  120","18.1","25.1","    1",,,,,,,
"USW00014836","LANSING CAPITAL CITY AIRPORT, MI US","42.7761","-84.5997","261.8","2020-01-18","19.01",,"0.62","6.8","4.0","29","37","22","  260","  270","35.1","47.0","    1",,,,,,"    1",
"USW00014836","LANSING CAPITAL CITY AIRPORT, MI US","42.7761","-84.5997","261.8","2020-01-19","13.20",,"0.08","2.3","4.0","21","23","7","  250","  260","30.0","38.9","    1",,,,,,"    1",
"USW00014836","LANSING CAPITAL CITY AIRPORT, MI US","42.7761","-84.5997","261.8","2020-01-20","4.70",,"0.00","0.0","5.0","15","24","6","  300","  310","10.1","14.1",,,,,,,,
"USW00014836","LANSING CAPITAL CITY AIRPORT, MI US","42.7761","-84.5997","261.8","2020-01-21","8.05",,"0.00","0.0","4.0","21","28","14","  270","  250","18.1","23.0",,,,,,,"    1",
"USW00014836","LANSING CAPITAL CITY AIRPORT, MI US","42.7761","-84.5997","261.8","2020-01-22","11.41",,"0.00","0.0","4.0","24","31","20","  210","  210","19.9","25.9",,,,,,,"    1",
"USW00014836","LANSING CAPITAL CITY AIRPORT, MI US","42.7761","-84.5997","261.8","2020-01-23","6.93",,"0.01","0.0","3.0","31","36","28","  110","  140","12.1","16.1","    1",,,,,,,
"USW00014836","LANSING CAPITAL CITY AIRPORT, MI US","42.7761","-84.5997","261.8","2020-01-24","8.72",,"0.47","0.0","0.0","34","36","33","  110","  110","15.0","21.0","    1",,,,,,,
"USW00014836","LANSING CAPITAL CITY AIRPORT, MI US","42.7761","-84.5997","261.8","2020-01-25","7.61",,"0.05","0.0","1.0","35","35","32","  250","  250","13.0","16.1","    1","    1",,,,,,
"USW00014836","LANSING CAPITAL CITY AIRPORT, MI US","42.7761","-84.5997","261.8","2020-01-26","11.41",,"0.02","0.0","1.0","34","34","33","  270","  260","19.9","29.1","    1",,,,,,,
"USW00014836","LANSING CAPITAL CITY AIRPORT, MI US","42.7761","-84.5997","261.8","2020-01-27","7.38",,"0.00","0.0","0.0","33","35","30","  300",,"10.1",,"    1",,,,,,,
"USW00014836","LANSING CAPITAL CITY AIRPORT, MI US","42.7761","-84.5997","261.8","2020-01-28","4.92",,"0.01","0.0","0.0","32","33","30","  290","  310","10.1","14.1","    1",,,,,,,
"USW00014836","LANSING CAPITAL CITY AIRPORT, MI US","42.7761","-84.5997","261.8","2020-01-29","5.14",,"0.00","0.0","0.0","30","31","28","   60","   60","10.1","12.1",,,,,,,,
"USW00014836","LANSING CAPITAL CITY AIRPORT, MI US","42.7761","-84.5997","261.8","2020-01-30","2.91",,"0.00","0.0","0.0","29","32","28","  190","  220","6.9","8.9",,,,,,,,
"USW00014836","LANSING CAPITAL CITY AIRPORT, MI US","42.7761","-84.5997","261.8","2020-01-31","5.37",,"0.00","0.0","0.0","31","35","29","  260","  260","12.1","15.0",,,,,,,"    1",
"USW00014836","LANSING CAPITAL CITY AIRPORT, MI US","42.7761","-84.5997","261.8","2020-02-01","9.62",,"0.06","0.2","0.0","31","34","29","  220","  220","17.0","23.0","    1",,,,,,"    1",
"USW00014836","LANSING CAPITAL CITY AIRPORT, MI US","42.7761","-84.5997","261.8","2020-02-02","15.43",,"0.00","0.0","0.0","38","49","32","  270","  260","28.0","38.9",,,,,,,"    1",
"USW00014836","LANSING CAPITAL CITY AIRPORT, MI US","42.7761","-84.5997","261.8","2020-02-03","6.04",,"0.00","0.0","0.0","39","49","27","   40","   30","13.0","16.1","    1",,,,,,,
"USW00014836","LANSING CAPITAL CITY AIRPORT, MI US","42.7761","-84.5997","261.8","2020-02-04","10.96",,"0.00","0.0","0.0","34","35","25","   30","   30","17.0","23.0","    1",,,,,,"    1",
"USW00014836","LANSING CAPITAL CITY AIRPORT, MI US","42.7761","-84.5997","261.8","2020-02-05","7.38",,"0.04","0.6","0.0","25","29","18","  350","   20","16.1","21.9","    1",,,,,,,
"USW00014836","LANSING CAPITAL CITY AIRPORT, MI US","42.7761","-84.5997","261.8","2020-02-06","9.62",,"0.20","3.6","1.0","24","27","21","   20","   40","16.1","23.0","    1",,,,,,"    1",
"USW00014836","LANSING CAPITAL CITY AIRPORT, MI US","42.7761","-84.5997","261.8","2020-02-07","7.61",,"0.01","0.3","3.0","25","32","21","  280","  290","15.0","19.0","    1",,,,,,"    1",
"USW00014836","LANSING CAPITAL CITY AIRPORT, MI US","42.7761","-84.5997","261.8","2020-02-08","5.59",,"0.12","2.3","5.0","24","26","18","   70","   60","13.0","15.0","    1","    1",,,,,"    1",
"USW00014836","LANSING CAPITAL CITY AIRPORT, MI US","42.7761","-84.5997","261.8","2020-02-09","10.96",,"0.13","1.7","5.0","25","34","21","  140","  140","21.9","28.0","    1","    1",,,,,"    1",
"USW00014836","LANSING CAPITAL CITY AIRPORT, MI US","42.7761","-84.5997","261.8","2020-02-10","5.82",,"0.00","0.0","4.0","31","35","26","  290","  290","14.1","18.1","    1",,,,,,,
"USW00014836","LANSING CAPITAL CITY AIRPORT, MI US","42.7761","-84.5997","261.8","2020-02-11","11.63",,"0.00","0.0","3.0","28","33","21","  280","  270","25.1","35.1","    1",,,,,,"    1",
"USW00014836","LANSING CAPITAL CITY AIRPORT, MI US","42.7761","-84.5997","261.8","2020-02-12","8.50",,"0.03","0.3","3.0","26","32","21","  210","  230","15.0","19.9","    1",,,,,,"    1",
"USW00014836","LANSING CAPITAL CITY AIRPORT, MI US","42.7761","-84.5997","261.8","2020-02-13","8.05",,"0.15","3.7","5.0","25","29","5","  350","  340","16.1","23.0","    1",,,,,,"    1",
"USW00014836","LANSING CAPITAL CITY AIRPORT, MI US","42.7761","-84.5997","261.8","2020-02-14","6.93",,"0.00","0.0","6.0","10","19","-1","  210","  200","15.0","19.0",,,,,,,"    1",
"USW00014836","LANSING CAPITAL CITY AIRPORT, MI US","42.7761","-84.5997","261.8","2020-02-15","14.54",,"0.01","0.1","6.0","15","31","5","  220","  210","23.0","36.0",,,,,,,,
"USW00014836","LANSING CAPITAL CITY AIRPORT, MI US","42.7761","-84.5997","261.8","2020-02-16","9.84",,"0.00","0.0","5.0","32","38","22","  260","  270","19.9","25.1",,,,,,,,
"USW00014836","LANSING CAPITAL CITY AIRPORT, MI US","42.7761","-84.5997","261.8","2020-02-17","9.62",,"0.09","1.1","5.0","25","33","17","  100","  100","17.0","21.9","    1",,,,,,,
"USW00014836","LANSING CAPITAL CITY AIRPORT, MI US","42.7761","-84.5997","261.8","2020-02-18","16.11",,"0.03","0.0","5.0","33","37","26","  260","  270","29.1","40.9","    1",,,,,,,
"USW00014836","LANSING CAPITAL CITY AIRPORT, MI US","42.7761","-84.5997","261.8","2020-02-19","11.41",,"0.00","0.0","3.0","24","28","13","  300","  300","23.0","33.1",,,,,,,,
"USW00014836","LANSING CAPITAL CITY AIRPORT, MI US","42.7761","-84.5997","261.8","2020-02-20","6.49",,"0.00","0.0","3.0","16","23","9","  310","  310","15.0","21.9",,,,,,,,
"USW00014836","LANSING CAPITAL CITY AIRPORT, MI US","42.7761","-84.5997","261.8","2020-02-21","13.87",,"0.00","0.0","5.1","20","33","11","  230","  220","21.9","30.0",,,,,,,,
"USW00014836","LANSING CAPITAL CITY AIRPORT, MI US","42.7761","-84.5997","261.8","2020-02-22","14.32",,"0.00","0.0","3.0","31","44","25","  220","  230","21.0","29.1",,,,,,,,
"USW00014836","LANSING CAPITAL CITY AIRPORT, MI US","42.7761","-84.5997","261.8","2020-02-23","12.08"," 1515","0.00","0.0","2.0","39","50","31","  220","  230","21.9","32.0",,,,,,,,
"USW00014836","LANSING CAPITAL CITY AIRPORT, MI US","42.7761","-84.5997","261.8","2020-02-24",,,"0.07","0.0","1.0","39","44","31",,,,,,,,,,,,
"USW00014836","LANSING CAPITAL CITY AIRPORT, MI US","42.7761","-84.5997","261.8","2020-02-25",,,"0.06","0.5","0.0","34","36","29",,,,,,,,,,,,
"USW00014836","LANSING CAPITAL CITY AIRPORT, MI US","42.7761","-84.5997","261.8","2020-02-26",,,"0.22","4.0","1.0","27","29","19",,,,,,,,,,,,
"USW00014836","LANSING CAPITAL CITY AIRPORT, MI US","42.7761","-84.5997","261.8","2020-02-27",,,"0.00","0.1","4.0","21","24","19",,,,,,,,,,,,
"USW00014836","LANSING CAPITAL CITY AIRPORT, MI US","42.7761","-84.5997","261.8","2020-02-28",,,"0.00","0.0","3.0","21","26","18",,,,,,,,,,,,
"USW00014836","LANSING CAPITAL CITY AIRPORT, MI US","42.7761","-84.5997","261.8","2020-02-29",,,"0.00","0.0","3.0","24","33","17",,,,,,,,,,,,
"USW00014836","LANSING CAPITAL CITY AIRPORT, MI US","42.7761","-84.5997","261.8","2020-03-01",,,"0.00","0.0","0.0","31","47","21",,,,,,,,,,,,
"USW00014836","LANSING CAPITAL CITY AIRPORT, MI US","42.7761","-84.5997","261.8","2020-03-02",,,"0.00","0.0","0.0","44","50","36",,,,,,,,,,,,
"USW00014836","LANSING CAPITAL CITY AIRPORT, MI US","42.7761","-84.5997","261.8","2020-03-03",,,"0.00","0.0","0.0","37","45","30",,,,,,,,,,,,
"USW00014836","LANSING CAPITAL CITY AIRPORT, MI US","42.7761","-84.5997","261.8","2020-03-04","10.51",,"0.00","0.0","0.0","38","45","26","  270","  280","21.0","30.0",,,,,,,,
"USW00014836","LANSING CAPITAL CITY AIRPORT, MI US","42.7761","-84.5997","261.8","2020-03-05","9.17",,"0.02","0.0","0.0","34","49","22","  260","  260","23.9","32.0",,,,"    1",,,,
"USW00014836","LANSING CAPITAL CITY AIRPORT, MI US","42.7761","-84.5997","261.8","2020-03-06","10.51",,"0.08","0.0","0.0","35","36","25","  350","   10","23.0","34.0","    1",,,,,,,
"USW00014836","LANSING CAPITAL CITY AIRPORT, MI US","42.7761","-84.5997","261.8","2020-03-07","8.28",,"0.00","0.0","0.0","30","46","18","  200","  190","17.0","23.9",,,,,,,,
"USW00014836","LANSING CAPITAL CITY AIRPORT, MI US","42.7761","-84.5997","261.8","2020-03-08","14.32",,"0.00","0.0","0.0","45","62","35","  210","  230","23.9","32.0",,,,,,,,
"USW00014836","LANSING CAPITAL CITY AIRPORT, MI US","42.7761","-84.5997","261.8","2020-03-09","15.88",,"0.14","0.0","0.0","53","59","49","  230","  220","23.9","33.1","    1",,,,,,"    1",
"USW00014836","LANSING CAPITAL CITY AIRPORT, MI US","42.7761","-84.5997","261.8","2020-03-10","9.40",,"0.10","0.0","0.0","47","53","32","  320","  310","23.9","32.0","    1",,,,,,,
"USW00014836","LANSING CAPITAL CITY AIRPORT, MI US","42.7761","-84.5997","261.8","2020-03-11","4.70",,"0.01","0.0","0.0","37","41","31","  240","  240","15.0","19.9","    1",,,,,,"    1",
"USW00014836","LANSING CAPITAL CITY AIRPORT, MI US","42.7761","-84.5997","261.8","2020-03-12","10.07",,"0.00","0.0","0.0","43","54","38","  160","  180","21.0","29.1","    1",,,,,,"    1",
"USW00014836","LANSING CAPITAL CITY AIRPORT, MI US","42.7761","-84.5997","261.8","2020-03-13","18.79",,"0.03","0.0","0.0","42","50","32","  260","  260","31.1","42.9","    1",,,,,,"    1",
"USW00014836","LANSING CAPITAL CITY AIRPORT, MI US","42.7761","-84.5997","261.8","2020-03-14","5.59",,"0.00","0.0","0.0","33","37","27","   30","  360","13.0","16.1",,,,,,,,
"USW00014836","LANSING CAPITAL CITY AIRPORT, MI US","42.7761","-84.5997","261.8","2020-03-15","8.28"," 1242","0.00","0.0","0.0","33","44","24","   40","   40","18.1","25.1",,,,,,,,
"USW00014836","LANSING CAPITAL CITY AIRPORT, MI US","42.7761","-84.5997","261.8","2020-03-16",,,"0.00","0.0","0.0","26","46","20",,,,,,,,,,,,
"USW00014836","LANSING CAPITAL CITY AIRPORT, MI US","42.7761","-84.5997","261.8","2020-03-17",,,"0.02","0.0","0.0",,"48","29",,,,,,,,,,,,
