,Rugose (biofilm),,,,,,,,,RΔrbmA,,,,,,,,,RΔbap1,,,,,,,,RΔrbmC,,,,,,,RΔABC (no biofilm),,,,,,,
Time [h],Without nanoparticles,,,,CS-AgNPS 0.11µg/ml,,,,,Without nanoparticles,,,,CS-AgNPS 0.11µg/ml,,,,,Without nanoparticles,,,CS-AgNPS 0.11µg/ml,,,,,Without nanoparticles,,,CS-AgNPS 0.11µg/ml,,,,Without nanoparticles,,,,"CS-AgNPS 0.11µg/ml
CS 0.22 μg/ml",,,
0,0,0,0,0,0,0,0,0,,0,0,0,0,0,0,0,0,,0,0,0,0,0,0,0,,0,0,0,0,0,0,,0,0,0,0,0,0,0,0
0.25,0.001,0.005,0.004,0.002,0,0,0,0,,-0.004,0,-0.001,-0.001,-0.0007,0,-0.0001,-0.0001,,0,0,0,-0.0042,-0.0031,-0.0034,-0.0002,,0.001,0,-0.001,0.0003,0.0002,0,,0,0,0,0.001,0.0002,-0.0002,-0.0001,0.0003
0.5,0.001,0.008,0.006,0.01,0,0.001,0,0,,-0.003,0,-0.001,-0.001,-0.0005,-0.0001,-0.0003,-0.0003,,0,0.001,0,-0.0039,-0.0029,-0.0035,-0.0004,,0,0,0.001,0.0002,0.0001,0,,0,0,0,0.002,0.0002,-0.0001,-0.0001,0.0006
0.75,0.001,0.01,0.006,0.008,0.001,0.001,0,0,,-0.002,0,-0.001,0,-0.0006,0.0001,-0.0002,-0.0002,,0,0.001,0,-0.0041,-0.0029,-0.0035,-0.0002,,0.001,0,0,0.0002,0.0002,0,,0,0,0,0.002,0.0004,-0.0002,-0.0002,0.0005
1,0.001,0.007,0.005,0.006,0.001,0.001,0,0,,-0.002,0,-0.002,-0.002,-0.0003,0,-0.0004,-0.0005,,0,0,0,-0.004,-0.003,-0.0035,-0.0002,,0,0,0,0.0001,0.0003,0,,0,0,0.001,0.002,0.0003,-0.0003,-0.0002,0.0006
1.25,0.001,0.007,0.004,0.004,0.001,0.001,0,0,,-0.003,0,-0.002,-0.002,-0.0005,0,-0.0007,-0.0006,,0,0,0,-0.0039,-0.003,-0.0035,-0.0002,,0.002,0,0.001,0.0001,0.0003,0,,0,0,0.001,0.002,0.0003,-0.0002,-0.0001,0.0006
1.5,0.001,0.009,0.006,0.004,0.001,0.001,0.001,0,,-0.002,0,-0.001,-0.001,-0.0004,-0.0002,-0.0005,-0.0002,,0,0,0.001,-0.0038,-0.003,-0.0035,0,,0.001,0,0.001,0.0001,0.0003,0,,0,0,0.001,0.003,0.0003,-0.0002,-0.0001,0.0007
1.75,0.001,0.01,0.008,0.006,0.001,0.001,0.001,0,,-0.003,0,-0.001,-0.003,-0.0004,0.0001,-0.0003,-0.0002,,0,0.001,0.001,-0.0037,-0.0028,-0.0034,-0.0001,,0.002,0,-0.001,0.0003,0.0004,0,,0,0,0.001,0.003,0.0003,-0.0001,0.0001,0.0007
2,0,0.009,0.006,0.01,0.001,0.001,0.001,0,,0,0,-0.002,-0.002,-0.0003,0,0.0003,0.0003,,0,0,0.001,-0.0037,-0.0027,-0.0033,0.0003,,0.002,0,0.001,0.0003,0.0004,0,,0,0,0.001,0.005,0.0005,0,0.0001,0.0007
2.25,0,0.004,0.005,0.006,0.001,0.001,0.001,0,,-0.001,0,-0.002,-0.002,-0.0002,0.0001,0.0001,0.0001,,0,0,0.001,-0.0035,-0.0026,-0.0033,0.0001,,0.002,0.001,0.001,0.0003,0.0006,0,,0,0,0.001,0.004,0.0005,0,0.0001,0.0008
2.5,0,0.004,0.009,0.008,0.001,0.001,0.001,0,,-0.003,0.001,-0.001,-0.002,-0.0004,0.0002,0.0002,0.0004,,0,-0.001,0.001,-0.0036,-0.0026,-0.0032,0.0002,,0.002,0.001,0.003,0.0002,0.0006,0.001,,0,0,0.001,0.005,0.0005,0.0001,0.0003,0.0008
2.75,0,0.005,0.005,0.006,0.001,0.001,0.001,0,,-0.001,0.001,-0.002,-0.002,0,0.0003,0.0002,0.0003,,0,-0.001,0.001,-0.0035,-0.0025,-0.0032,0.0002,,0.001,0.001,0,0.0003,0.0006,0,,0,0,0.001,0.005,0.0006,0.0003,0.0004,0.0008
3,0,0.005,0.005,0.008,0.001,0.001,0.001,0,,-0.001,0.001,-0.002,-0.002,0,0.0001,0.0004,0.0006,,0,-0.001,0.001,-0.0035,-0.0025,-0.0032,0.0003,,0.003,0.001,0.002,0.0003,0.0007,0.001,,0.001,0,0.002,0.005,0.0006,0.0003,0.0004,0.0008
3.25,0,0.005,0.008,0.008,0.001,0.001,0.001,0,,-0.002,0.001,-0.001,-0.002,-0.0001,0.0003,0.0002,0.0006,,0.001,0,0.001,-0.0034,-0.0024,-0.0031,0.0002,,0.002,0.001,0,0.0004,0.0007,0,,0.001,0.001,0.002,0.008,0.0006,0.0005,0.0005,0.0009
3.5,0.001,0.006,0.008,0.009,0.001,0.001,0.001,0,,-0.002,0.001,-0.001,0,0.0001,0.0003,0.0004,0.0007,,0.001,0,0.001,-0.0033,-0.0023,-0.0031,0.0003,,0.001,0.001,0,0.0005,0.0008,0.001,,0.001,0.001,0.002,0.008,0.0007,0.0005,0.0005,0.0009
3.75,0.001,0.005,0.008,0.009,0.001,0.001,0.001,0,,-0.001,0.001,-0.001,-0.001,0.0004,0.0006,0.0005,0.0009,,0.001,-0.001,0.002,-0.0033,-0.0022,-0.003,0.0004,,0.002,0.002,0.004,0.0006,0.0008,0.001,,0.001,0.001,0.003,0.008,0.0008,0.0006,0.0006,0.001
4,0.001,0.005,0.008,0.008,0.001,0.001,0.001,0,,-0.002,0.001,0,0,0.0003,0.0004,0.0006,0.0012,,0.001,0,0.002,-0.0033,-0.0021,-0.0029,0.0005,,0.003,0.002,0.002,0.0005,0.0009,0.001,,0.002,0.001,0.003,0.009,0.0007,0.0007,0.0007,0.001
4.25,0.001,0.008,0.004,0.01,0.001,0.001,0.001,0,,0,0.002,0,0,0.0004,0.0006,0.0007,0.0013,,0.001,0,0.002,-0.0032,-0.0021,-0.003,0.0006,,0.002,0.002,0.002,0.0006,0.0009,0.001,,0.002,0.001,0.004,0.011,0.0007,0.0007,0.0007,0.0011
4.5,0.001,0.006,0.002,0.009,0.001,0.001,0.001,0,,-0.001,0.002,-0.001,0.002,0.0003,0.0006,0.0006,0.0013,,0.002,0,0.003,-0.0032,-0.002,-0.003,0.0005,,0.004,0.002,0.004,0.0006,0.001,0.001,,0.003,0.002,0.004,0.011,0.0008,0.0009,0.0007,0.0011
4.75,0.002,0.008,0.004,0.007,0.001,0.001,0.001,0,,0,0.003,0.001,0.001,0.0004,0.0004,0.0008,0.0015,,0.002,0,0.004,-0.0032,-0.002,-0.0029,0.0006,,0.003,0.003,0.004,0.0006,0.001,0.001,,0.003,0.002,0.005,0.013,0.0008,0.0009,0.0008,0.0011
5,0.002,0.008,0.005,0.009,0.001,0.001,0.001,0,,-0.002,0.004,0.001,0.001,0.0004,0.0006,0.0008,0.0016,,0.003,0.001,0.004,-0.0032,-0.0019,-0.0029,0.0006,,0.001,0.003,0.004,0.0007,0.001,0.001,,0.004,0.003,0.006,0.016,0.0009,0.001,0.0008,0.0012
5.25,0.003,0.006,0.003,0.01,0.001,0.001,0.001,0,,-0.001,0.005,0.002,0.003,0.0003,0.0009,0.0008,0.0016,,0.004,0.002,0.005,-0.0032,-0.0018,-0.0029,0.0007,,0.003,0.004,0.005,0.0007,0.0011,0.001,,0.005,0.003,0.008,0.018,0.0008,0.0011,0.001,0.0012
5.5,0.003,0.008,0.006,0.007,0.001,0.001,0.001,0,,0,0.007,0.003,0.005,0.0004,0.0007,0.001,0.0018,,0.005,0.003,0.006,-0.0031,-0.0018,-0.0028,0.0007,,0.003,0.005,0.006,0.0007,0.0012,0.001,,0.006,0.004,0.009,0.022,0.0008,0.0011,0.0009,0.0013
5.75,0.004,0.008,0.007,0.01,0.001,0.001,0.001,0,,0,0.008,0.005,0.008,0.0006,0.0008,0.0009,0.0019,,0.006,0.003,0.007,-0.0031,-0.0016,-0.0028,0.0006,,0.004,0.006,0.007,0.0007,0.0012,0.001,,0.008,0.005,0.011,0.024,0.0008,0.0012,0.001,0.0013
6,0.005,0.007,0.003,0.008,0.001,0.001,0.001,0,,-0.001,0.009,0.007,0.008,0.0008,0.0008,0.001,0.0022,,0.008,0.005,0.008,-0.003,-0.0017,-0.0028,0.0009,,0.003,0.007,0.008,0.0009,0.0012,0.001,,0.01,0.006,0.014,0.026,0.0008,0.0013,0.0011,0.0014
6.25,0.006,0.009,0.004,0.011,0.001,0.001,0.001,0,,0,0.011,0.007,0.011,0.0007,0.0009,0.0009,0.0021,,0.009,0.006,0.009,-0.003,-0.0016,-0.0027,0.0008,,0.003,0.009,0.008,0.0009,0.0013,0.001,,0.012,0.008,0.017,0.031,0.0008,0.0015,0.0011,0.0014
6.5,0.007,0.01,0.005,0.011,0.001,0.001,0.001,0,,-0.001,0.015,0.01,0.014,0.0007,0.0009,0.0012,0.0026,,0.011,0.008,0.011,-0.0029,-0.0016,-0.0027,0.0009,,0.005,0.011,0.01,0.001,0.0013,0.001,,0.014,0.009,0.02,0.035,0.0009,0.0015,0.0011,0.0015
6.75,0.008,0.009,0.011,0.014,0.001,0.001,0.001,0,,-0.001,0.015,0.011,0.018,0.0009,0.0009,0.0011,0.0026,,0.013,0.01,0.013,-0.0029,-0.0015,-0.0027,0.001,,0.004,0.012,0.011,0.0009,0.0015,0.001,,0.016,0.011,0.022,0.042,0.001,0.0016,0.0011,0.0016
7,0.01,0.01,0.006,0.013,0.001,0.001,0.001,0,,-0.001,0.017,0.013,0.022,0.0008,0.0008,0.0013,0.0027,,0.015,0.01,0.015,-0.0029,-0.0014,-0.0026,0.0011,,0.006,0.015,0.016,0.0009,0.0016,0.001,,0.019,0.014,0.026,0.046,0.0009,0.0018,0.0013,0.0017
7.25,0.012,0.015,0.008,0.014,0.001,0.001,0.001,0,,0,0.019,0.018,0.025,0.0008,0.0011,0.0012,0.0028,,0.017,0.013,0.017,-0.0029,-0.0014,-0.0026,0.001,,0.008,0.017,0.016,0.0011,0.0015,0.001,,0.023,0.016,0.031,0.052,0.0009,0.0019,0.0013,0.0017
7.5,0.013,0.014,0.009,0.016,0.001,0.001,0.001,0,,0,0.023,0.021,0.029,0.0009,0.0011,0.0013,0.003,,0.02,0.015,0.019,-0.0028,-0.0014,-0.0026,0.001,,0.009,0.02,0.018,0.0012,0.0015,0.001,,0.027,0.019,0.035,0.058,0.001,0.002,0.0014,0.0017
7.75,0.015,0.02,0.008,0.016,0.001,0.001,0.001,0,,0.001,0.028,0.026,0.032,0.0012,0.0011,0.0012,0.0031,,0.023,0.018,0.022,-0.0027,-0.0012,-0.0025,0.0011,,0.009,0.022,0.021,0.0012,0.0016,0.001,,0.032,0.022,0.041,0.064,0.001,0.0021,0.0015,0.0018
8,0.017,0.019,0.011,0.02,0.001,0.001,0.001,0,,0.001,0.03,0.028,0.038,0.0011,0.0012,0.0016,0.0035,,0.025,0.02,0.024,-0.0027,-0.0012,-0.0024,0.0013,,0.012,0.024,0.022,0.0012,0.0017,0.001,,0.037,0.026,0.047,0.069,0.001,0.0021,0.0015,0.0019
8.25,0.019,0.018,0.014,0.02,0.001,0.001,0.001,0,,0.003,0.035,0.03,0.04,0.0009,0.0013,0.0016,0.0035,,0.028,0.022,0.027,-0.0028,-0.0011,-0.0024,0.0012,,0.011,0.026,0.023,0.0014,0.0018,0.001,,0.042,0.031,0.053,0.075,0.001,0.0022,0.0015,0.0019
8.5,0.021,0.019,0.015,0.025,0.001,0.001,0.001,0,,0.004,0.038,0.035,0.043,0.0012,0.0011,0.0017,0.0038,,0.031,0.024,0.029,-0.0026,-0.0011,-0.0024,0.0014,,0.014,0.029,0.027,0.0014,0.0019,0.001,,0.048,0.036,0.058,0.081,0.0011,0.0024,0.0017,0.002
8.75,0.023,0.02,0.017,0.025,0.001,0.001,0.001,0,,0.006,0.046,0.039,0.046,0.0014,0.0015,0.0018,0.0039,,0.033,0.026,0.031,-0.0025,-0.001,-0.0023,0.0014,,0.016,0.031,0.028,0.0016,0.002,0.001,,0.053,0.041,0.064,0.087,0.0011,0.0024,0.0017,0.0021
9,0.025,0.021,0.018,0.029,0.001,0.001,0.001,0,,0.007,0.048,0.045,0.051,0.0012,0.0013,0.0018,0.004,,0.035,0.028,0.033,-0.0026,-0.001,-0.0024,0.0015,,0.018,0.033,0.032,0.0016,0.002,0.001,,0.06,0.047,0.07,0.093,0.0011,0.0026,0.0018,0.0022
9.25,0.027,0.024,0.021,0.031,0.001,0.001,0.001,0,,0.009,0.052,0.047,0.056,0.0015,0.0013,0.0021,0.0044,,0.038,0.03,0.036,-0.0025,-0.0009,-0.0023,0.0017,,0.018,0.036,0.032,0.0016,0.002,0.001,,0.066,0.052,0.076,0.099,0.0011,0.0026,0.0018,0.0022
9.5,0.029,0.028,0.022,0.035,0.001,0.001,0.001,0,,0.01,0.057,0.053,0.062,0.0015,0.0014,0.0021,0.0046,,0.04,0.032,0.039,-0.0024,-0.0008,-0.0023,0.0017,,0.02,0.038,0.034,0.0016,0.002,0.001,,0.072,0.058,0.081,0.105,0.0011,0.0028,0.0018,0.0022
9.75,0.031,0.029,0.028,0.039,0.001,0.001,0.001,0,,0.017,0.065,0.059,0.066,0.0015,0.0014,0.002,0.0046,,0.043,0.034,0.042,-0.0024,-0.0007,-0.0023,0.0016,,0.024,0.04,0.037,0.0016,0.0022,0.001,,0.078,0.064,0.086,0.111,0.0011,0.0028,0.0019,0.0024
10,0.034,0.035,0.03,0.04,0.001,0.001,0.001,0,,0.015,0.071,0.063,0.072,0.0015,0.0017,0.0022,0.0048,,0.047,0.037,0.047,-0.0025,-0.0007,-0.0022,0.0018,,0.025,0.043,0.04,0.0017,0.0021,0.001,,0.084,0.069,0.092,0.116,0.001,0.0029,0.0019,0.0023
10.25,0.036,0.037,0.037,0.047,0.001,0.001,0.001,0,,0.018,0.079,0.071,0.078,0.0017,0.0016,0.0021,0.005,,0.05,0.039,0.05,-0.0023,-0.0006,-0.0022,0.0018,,0.027,0.046,0.045,0.0016,0.0022,0.001,,0.09,0.075,0.098,0.122,0.0012,0.003,0.002,0.0023
10.5,0.039,0.038,0.045,0.053,0.001,0.001,0.001,0,,0.021,0.087,0.079,0.086,0.0016,0.0014,0.002,0.0051,,0.055,0.042,0.055,-0.0024,-0.0006,-0.0022,0.0018,,0.031,0.048,0.047,0.0016,0.0023,0.001,,0.097,0.08,0.104,0.127,0.0012,0.0031,0.002,0.0024
10.75,0.042,0.041,0.051,0.061,0.001,0.001,0.001,0,,0.023,0.098,0.087,0.093,0.0017,0.0018,0.0023,0.0053,,0.059,0.044,0.06,-0.0023,-0.0005,-0.0021,0.0019,,0.033,0.052,0.051,0.0018,0.0024,0.001,,0.103,0.086,0.109,0.131,0.0011,0.0032,0.0021,0.0024
11,0.045,0.044,0.057,0.068,0.001,0.001,0.001,0,,0.024,0.108,0.099,0.1,0.0016,0.0015,0.0023,0.0054,,0.065,0.049,0.065,-0.0023,-0.0004,-0.0021,0.0019,,0.036,0.055,0.057,0.0019,0.0024,0.001,,0.109,0.092,0.115,0.134,0.0012,0.0033,0.0021,0.0024
11.25,0.048,0.046,0.066,0.073,0.001,0.001,0.001,0,,0.026,0.12,0.11,0.104,0.0017,0.0015,0.0024,0.0056,,0.071,0.05,0.07,-0.0023,-0.0004,-0.0021,0.0018,,0.039,0.059,0.061,0.0018,0.0024,0.001,,0.114,0.098,0.121,0.14,0.0011,0.0034,0.0022,0.0025
11.5,0.051,0.05,0.07,0.082,0.001,0.001,0.001,0,,0.031,0.125,0.111,0.112,0.0017,0.0015,0.0023,0.0057,,0.076,0.056,0.075,-0.0023,-0.0004,-0.0021,0.0019,,0.042,0.063,0.068,0.0018,0.0024,0.001,,0.119,0.103,0.125,0.143,0.0012,0.0035,0.0023,0.0025
11.75,0.053,0.052,0.077,0.092,0.001,0.001,0.001,0,,0.034,0.132,0.119,0.118,0.0018,0.0016,0.0023,0.0057,,0.08,0.06,0.08,-0.0023,-0.0004,-0.002,0.0019,,0.045,0.068,0.071,0.0019,0.0025,0.001,,0.125,0.109,0.129,0.146,0.0012,0.0036,0.0023,0.0027
12,0.056,0.056,0.087,0.095,0.001,0.001,0.001,0,,0.038,0.143,0.128,0.127,0.0019,0.0017,0.0027,0.0062,,0.085,0.065,0.086,-0.0023,-0.0003,-0.002,0.0021,,0.047,0.073,0.077,0.002,0.0026,0.001,,0.133,0.113,0.133,0.149,0.0013,0.0037,0.0024,0.0026
12.25,0.057,0.056,0.092,0.104,0.001,0.001,0.001,0,,0.04,0.152,0.133,0.131,0.0019,0.0017,0.0025,0.0061,,0.091,0.069,0.093,-0.0023,-0.0003,-0.002,0.002,,0.052,0.076,0.08,0.002,0.0026,0.001,,0.139,0.117,0.136,0.153,0.0011,0.0038,0.0024,0.0027
12.5,0.059,0.063,0.099,0.114,0.001,0.001,0.001,0,,0.046,0.168,0.15,0.143,0.002,0.0015,0.0027,0.0064,,0.101,0.072,0.102,-0.0022,-0.0002,-0.0021,0.0022,,0.056,0.08,0.087,0.0018,0.0026,0.001,,0.145,0.12,0.14,0.156,0.0012,0.0039,0.0024,0.0028
12.75,0.061,0.064,0.105,0.118,0.001,0.001,0.001,0,,0.05,0.18,0.162,0.156,0.0022,0.0018,0.0028,0.0066,,0.109,0.076,0.111,-0.0021,-0.0001,-0.002,0.0022,,0.06,0.084,0.092,0.0019,0.0027,0.001,,0.15,0.122,0.143,0.159,0.0012,0.004,0.0025,0.0028
13,0.064,0.066,0.111,0.124,0.001,0.001,0.001,0,,0.055,0.196,0.181,0.165,0.0021,0.0018,0.0027,0.0066,,0.118,0.081,0.121,-0.0021,0,-0.0019,0.0023,,0.064,0.09,0.1,0.0021,0.0028,0.001,,0.155,0.125,0.146,0.162,0.0013,0.004,0.0025,0.003
13.25,0.068,0.076,0.12,0.135,0.001,0.001,0.001,0,,0.061,0.207,0.192,0.177,0.0021,0.0018,0.0027,0.0068,,0.132,0.087,0.13,-0.0022,0,-0.002,0.0022,,0.069,0.104,0.11,0.002,0.0027,0.001,,0.159,0.128,0.149,0.164,0.0012,0.0042,0.0025,0.0028
13.5,0.08,0.081,0.127,0.141,0.001,0.001,0.001,0,,0.067,0.227,0.207,0.19,0.0022,0.0017,0.003,0.0071,,0.143,0.118,0.14,-0.0021,0,-0.0019,0.0023,,0.072,0.115,0.118,0.002,0.0028,0.001,,0.163,0.129,0.151,0.17,0.0012,0.0042,0.0026,0.0029
13.75,0.086,0.102,0.134,0.145,0.001,0.001,0.001,0,,0.071,0.25,0.216,0.201,0.0023,0.0018,0.0029,0.0072,,0.153,0.103,0.153,-0.0021,0.0001,-0.0019,0.0023,,0.076,0.127,0.132,0.0021,0.0029,0.001,,0.168,0.132,0.155,0.173,0.0011,0.0042,0.0026,0.0029
14,0.099,0.111,0.139,0.154,0.001,0.001,0.001,0,,0.075,0.269,0.243,0.213,0.0022,0.0018,0.0029,0.0073,,0.167,0.11,0.167,-0.0021,0.0002,-0.0018,0.0023,,0.085,0.136,0.144,0.0022,0.0029,0.001,,0.173,0.135,0.158,0.176,0.0013,0.0044,0.0026,0.0029
14.25,0.105,0.132,0.146,0.158,0.001,0.001,0.001,0,,0.081,0.285,0.26,0.22,0.0022,0.002,0.0031,0.0075,,0.181,0.144,0.178,-0.0021,0.0001,-0.0019,0.0023,,0.093,0.142,0.156,0.002,0.003,0.001,,0.177,0.138,0.161,0.18,0.0012,0.0044,0.0025,0.003
14.5,0.122,0.138,0.153,0.167,0.001,0.001,0.001,0,,0.089,0.294,0.265,0.226,0.0023,0.002,0.0031,0.0077,,0.191,0.157,0.189,-0.0021,0.0002,-0.0019,0.0025,,0.102,0.155,0.168,0.0023,0.003,0.001,,0.182,0.141,0.165,0.186,0.0012,0.0045,0.0025,0.003
14.75,0.139,0.145,0.16,0.17,0.001,0.001,0.001,0,,0.095,0.297,0.271,0.232,0.0024,0.002,0.003,0.0078,,0.199,0.167,0.198,-0.0021,0.0002,-0.0019,0.0025,,0.112,0.17,0.18,0.0023,0.003,0.001,,0.187,0.145,0.17,0.191,0.0012,0.0044,0.0025,0.003
15,0.145,0.157,0.167,0.179,0.001,0.002,0.001,0,,0.103,0.31,0.277,0.243,0.0026,0.0017,0.0031,0.0081,,0.206,0.182,0.206,-0.0019,0.0003,-0.0019,0.0026,,0.121,0.181,0.188,0.0022,0.003,0.001,,0.192,0.15,0.174,0.197,0.0012,0.0046,0.0025,0.003
15.25,0.154,0.176,0.173,0.188,0.001,0.002,0.001,0,,0.109,0.317,0.282,0.247,0.0025,0.0019,0.0032,0.008,,0.212,0.193,0.214,-0.002,0.0003,-0.0019,0.0026,,0.129,0.19,0.193,0.0023,0.0031,0.001,,0.197,0.155,0.179,0.202,0.0012,0.0046,0.0025,0.0031
15.5,0.169,0.186,0.179,0.195,0.001,0.002,0.001,0,,0.118,0.324,0.29,0.255,0.0024,0.0018,0.0031,0.0081,,0.22,0.206,0.221,-0.002,0.0004,-0.0018,0.0025,,0.144,0.195,0.202,0.0024,0.003,0.001,,0.202,0.16,0.185,0.209,0.0013,0.0047,0.0025,0.003
15.75,0.183,0.185,0.188,0.197,0.001,0.002,0.001,0,,0.126,0.332,0.3,0.258,0.0025,0.0021,0.0031,0.0082,,0.227,0.211,0.226,-0.0019,0.0004,-0.0018,0.0026,,0.144,0.202,0.208,0.0025,0.0031,0.001,,0.205,0.167,0.192,0.215,0.0012,0.0047,0.0024,0.0031
16,0.19,0.196,0.196,0.205,0.001,0.002,0.001,0,,0.135,0.342,0.306,0.269,0.0025,0.0019,0.0034,0.0085,,0.234,0.22,0.232,-0.002,0.0004,-0.0019,0.0026,,0.156,0.209,0.215,0.0024,0.0031,0.001,,0.209,0.173,0.197,0.222,0.0012,0.0047,0.0024,0.0031
16.25,0.196,0.202,0.205,0.208,0.001,0.003,0.001,0,,0.137,0.349,0.311,0.27,0.0027,0.0019,0.0034,0.0086,,0.238,0.227,0.238,-0.0018,0.0005,-0.0018,0.0027,,0.166,0.213,0.223,0.0025,0.0032,0.001,,0.214,0.18,0.205,0.226,0.0012,0.0048,0.0024,0.003
16.5,0.206,0.212,0.211,0.219,0.001,0.003,0.002,-0.001,,0.152,0.351,0.322,0.272,0.0026,0.0017,0.0032,0.0085,,0.244,0.234,0.243,-0.0019,0.0004,-0.0018,0.0027,,0.178,0.22,0.229,0.0023,0.0032,0.001,,0.217,0.188,0.211,0.234,0.0011,0.0048,0.0025,0.003
16.75,0.213,0.216,0.21,0.22,0.001,0.003,0.002,-0.001,,0.153,0.355,0.326,0.268,0.0025,0.002,0.0031,0.0084,,0.25,0.221,0.247,-0.0019,0.0004,-0.0018,0.0025,,0.183,0.225,0.229,0.0025,0.0032,0.001,,0.221,0.195,0.218,0.239,0.0011,0.0047,0.0024,0.003
17,0.219,0.226,0.214,0.223,0.001,0.004,0.002,-0.001,,0.155,0.362,0.332,0.272,0.0026,0.0019,0.0032,0.0087,,0.251,0.229,0.243,-0.0019,0.0004,-0.0018,0.0026,,0.188,0.23,0.232,0.0024,0.0032,0.001,,0.224,0.202,0.226,0.245,0.0011,0.0047,0.0024,0.003
17.25,0.226,0.229,0.217,0.228,0.001,0.005,0.003,-0.001,,0.162,0.365,0.341,0.275,0.0023,0.0018,0.0034,0.0088,,0.256,0.235,0.241,-0.0021,0.0004,-0.0018,0.0027,,0.192,0.234,0.233,0.0035,0.0033,0.001,,0.228,0.211,0.233,0.251,0.0011,0.0047,0.0024,0.003
17.5,0.229,0.229,0.222,0.231,0.001,0.006,0.003,-0.001,,0.163,0.362,0.345,0.28,0.0026,0.0018,0.0032,0.0086,,0.258,0.246,0.243,-0.002,0.0004,-0.0018,0.0027,,0.2,0.241,0.236,0.0026,0.0033,0.001,,0.231,0.219,0.241,0.259,0.0011,0.0046,0.0023,0.0029
17.75,0.237,0.234,0.224,0.238,0.001,0.007,0.004,-0.001,,0.165,0.366,0.35,0.283,0.0025,0.0019,0.0034,0.0088,,0.259,0.253,0.246,-0.002,0.0004,-0.0018,0.0029,,0.202,0.249,0.24,0.0026,0.0034,0.001,,0.234,0.226,0.248,0.264,0.0011,0.0046,0.0024,0.003
18,0.241,0.241,0.225,0.242,0.001,0.008,0.005,-0.001,,0.17,0.369,0.349,0.288,0.0025,0.0018,0.0032,0.0086,,0.265,0.264,0.25,-0.0019,0.0004,-0.0018,0.0026,,0.207,0.246,0.24,0.0026,0.0032,0.001,,0.237,0.233,0.255,0.271,0.0013,0.0046,0.0024,0.0029
18.25,0.244,0.246,0.229,0.248,0.001,0.01,0.006,-0.001,,0.176,0.358,0.348,0.292,0.0024,0.0018,0.0035,0.0088,,0.269,0.27,0.252,-0.0021,0.0003,-0.0019,0.0029,,0.208,0.253,0.242,0.0026,0.0032,0.001,,0.242,0.241,0.262,0.278,0.0012,0.0046,0.0024,0.0029
18.5,0.247,0.251,0.234,0.248,0.001,0.011,0.007,-0.001,,0.179,0.359,0.353,0.293,0.0024,0.0017,0.0033,0.0085,,0.273,0.28,0.253,-0.002,0.0003,-0.002,0.0027,,0.209,0.251,0.245,0.0026,0.0032,0.001,,0.243,0.246,0.27,0.286,0.0012,0.0047,0.0024,0.0029
18.75,0.248,0.248,0.235,0.254,0.001,0.013,0.008,-0.001,,0.182,0.364,0.362,0.296,0.0024,0.0018,0.0031,0.0082,,0.274,0.284,0.256,-0.0021,0.0002,-0.0019,0.0026,,0.212,0.253,0.246,0.0026,0.0032,0.001,,0.247,0.249,0.277,0.292,0.0011,0.0046,0.0024,0.0029
19,0.252,0.252,0.239,0.258,0.001,0.015,0.01,-0.001,,0.184,0.373,0.366,0.298,0.0023,0.0017,0.0033,0.0084,,0.276,0.284,0.257,-0.0021,0.0002,-0.0019,0.0027,,0.206,0.254,0.25,0.0026,0.0032,0.001,,0.247,0.252,0.285,0.295,0.0013,0.0046,0.0024,0.0028
19.25,0.253,0.26,0.239,0.26,0,0.017,0.011,-0.001,,0.186,0.369,0.369,0.303,0.0024,0.0017,0.0032,0.0083,,0.279,0.284,0.258,-0.002,0.0001,-0.002,0.0026,,0.207,0.253,0.249,0.0026,0.0031,0.001,,0.251,0.254,0.29,0.3,0.0013,0.0046,0.0023,0.0028
19.5,0.254,0.252,0.242,0.262,0,0.019,0.013,-0.001,,0.189,0.363,0.357,0.311,0.0023,0.0015,0.003,0.0081,,0.279,0.288,0.26,-0.0021,0.0001,-0.002,0.0026,,0.211,0.257,0.25,0.0024,0.0031,0.001,,0.255,0.259,0.293,0.304,0.0013,0.0046,0.0023,0.0028
19.75,0.257,0.255,0.245,0.265,0,0.021,0.015,-0.001,,0.193,0.365,0.36,0.311,0.0023,0.0016,0.0032,0.0083,,0.275,0.289,0.259,-0.0021,0,-0.002,0.0027,,0.214,0.258,0.25,0.0026,0.0031,0.001,,0.258,0.263,0.297,0.31,0.0013,0.0045,0.0025,0.0029
20,0.262,0.265,0.247,0.27,0,0.023,0.016,-0.001,,0.193,0.373,0.36,0.32,0.0023,0.0015,0.0032,0.0082,,0.275,0.296,0.26,-0.002,0.0001,-0.002,0.0027,,0.22,0.261,0.252,0.0025,0.003,0.001,,0.259,0.266,0.301,0.315,0.0012,0.0046,0.0024,0.0029
20.25,0.265,0.26,0.25,0.279,0,0.024,0.018,-0.001,,0.199,0.381,0.369,0.322,0.0022,0.0015,0.0031,0.008,,0.274,0.295,0.26,-0.002,-0.0001,-0.0021,0.0025,,0.226,0.262,0.255,0.0025,0.003,0.001,,0.262,0.271,0.305,0.318,0.0011,0.0046,0.0024,0.0028
20.5,0.271,0.265,0.25,0.277,0,0.025,0.02,-0.001,,0.204,0.39,0.376,0.328,0.0021,0.0013,0.0031,0.0081,,0.274,0.29,0.263,-0.0019,0,-0.0021,0.0025,,0.23,0.263,0.259,0.0023,0.0029,0.001,,0.261,0.275,0.309,0.322,0.0011,0.0046,0.0023,0.0028
20.75,0.27,0.274,0.253,0.282,0,0.027,0.021,-0.001,,0.207,0.397,0.382,0.33,0.0022,0.0015,0.003,0.008,,0.28,0.298,0.266,-0.0018,-0.0002,-0.0021,0.0026,,0.236,0.266,0.259,0.0024,0.0029,0.001,,0.259,0.279,0.313,0.328,0.0011,0.0046,0.0022,0.0029
21,0.279,0.256,0.259,0.284,0,0.028,0.023,-0.001,,0.213,0.396,0.385,0.334,0.0021,0.0013,0.0031,0.0079,,0.282,0.292,0.269,-0.0016,-0.0002,-0.0022,0.0025,,0.242,0.265,0.259,0.0023,0.0029,0.001,,0.256,0.283,0.317,0.332,0.0011,0.0045,0.0021,0.0028
21.25,0.252,0.253,0.259,0.293,0,0.029,0.025,-0.001,,0.217,0.398,0.382,0.335,0.002,0.0011,0.0031,0.008,,0.279,0.302,0.271,-0.0015,-0.0004,-0.0022,0.0026,,0.245,0.264,0.258,0.0023,0.0028,0.001,,0.256,0.289,0.323,0.337,0.0012,0.0044,0.0022,0.0028
21.5,0.252,0.263,0.261,0.29,0,0.03,0.026,-0.001,,0.22,0.402,0.392,0.339,0.0019,0.0013,0.003,0.0078,,0.283,0.305,0.273,-0.0011,-0.0004,-0.0022,0.0026,,0.251,0.262,0.261,0.0022,0.0028,0.001,,0.257,0.292,0.326,0.34,0.0012,0.0044,0.0021,0.0028
21.75,0.255,0.256,0.263,0.294,0,0.031,0.028,-0.001,,0.218,0.403,0.401,0.344,0.0017,0.0009,0.0032,0.008,,0.283,0.324,0.275,-0.0008,-0.0006,-0.0024,0.0026,,0.247,0.264,0.264,0.002,0.0028,0.001,,0.259,0.296,0.331,0.345,0.0011,0.0044,0.002,0.0027
22,0.247,0.242,0.265,0.297,0,0.033,0.03,-0.001,,0.215,0.405,0.402,0.345,0.0016,0.0011,0.003,0.0076,,0.284,0.305,0.277,-0.0003,-0.0007,-0.0024,0.0025,,0.244,0.269,0.268,0.0022,0.0027,0.001,,0.259,0.299,0.335,0.348,0.001,0.0043,0.002,0.0027
22.25,0.226,0.237,0.27,0.303,0,0.034,0.032,0,,0.217,0.407,0.408,0.349,0.0015,0.0012,0.0029,0.0076,,0.288,0.326,0.279,0.0004,-0.0008,-0.0025,0.0025,,0.246,0.274,0.27,0.0024,0.0027,0.001,,0.26,0.304,0.34,0.353,0.0009,0.0041,0.0019,0.0027
22.5,0.217,0.234,0.268,0.305,0,0.035,0.035,0,,0.224,0.41,0.405,0.35,0.0017,0.001,0.0027,0.0073,,0.287,0.31,0.281,0.0015,-0.0009,-0.0025,0.0022,,0.25,0.277,0.273,0.0021,0.0025,0.001,,0.262,0.309,0.345,0.356,0.0009,0.004,0.0017,0.0025
22.75,0.223,0.236,0.269,0.31,0,0.037,0.037,0,,0.227,0.411,0.408,0.352,0.0014,0.0012,0.0027,0.0072,,0.289,0.329,0.283,0.0026,-0.0011,-0.0026,0.0022,,0.251,0.279,0.273,0.0021,0.0024,0.001,,0.263,0.311,0.351,0.36,0.0008,0.004,0.0017,0.0025
23,0.229,0.234,0.273,0.311,0,0.038,0.04,0,,0.229,0.413,0.408,0.353,0.0011,0.0012,0.0026,0.0071,,0.291,0.323,0.284,0.0045,-0.001,-0.0027,0.0022,,0.255,0.282,0.274,0.0019,0.0023,0.001,,0.263,0.316,0.356,0.364,0.0008,0.0038,0.0017,0.0024
23.25,0.232,0.224,0.273,0.316,0,0.04,0.044,0,,0.229,0.412,0.411,0.36,0.0011,0.0014,0.0023,0.0067,,0.292,0.322,0.286,0.0067,-0.0011,-0.0028,0.0021,,0.259,0.283,0.275,0.0019,0.0022,0.001,,0.263,0.319,0.359,0.367,0.0007,0.0037,0.0015,0.0023
23.5,0.236,0.226,0.277,0.322,0,0.042,0.048,0,,0.231,0.418,0.414,0.365,0.0009,0.0017,0.0024,0.0065,,0.294,0.318,0.289,0.0096,-0.0013,-0.0028,0.0022,,0.259,0.284,0.277,0.0018,0.0021,0.001,,0.266,0.322,0.365,0.372,0.0005,0.0035,0.0014,0.0022
23.75,0.239,0.237,0.281,0.319,0,0.043,0.05,0,,0.231,0.425,0.417,0.37,0.0009,0.0023,0.0022,0.0062,,0.295,0.317,0.29,0.0131,-0.0014,-0.0029,0.0019,,0.261,0.285,0.277,0.0018,0.002,0.001,,0.266,0.327,0.369,0.374,0.0004,0.0034,0.0013,0.002
24,0.246,0.24,0.284,0.325,0,0.044,0.052,0.001,,0.233,0.447,0.424,0.376,0.0008,0.0025,0.002,0.0058,,0.295,0.322,0.291,0.017,-0.0015,-0.0029,0.0018,,0.266,0.285,0.275,0.0016,0.0018,0.001,,0.267,0.33,0.373,0.379,0.0004,0.0032,0.0013,0.0019
