,carat,cut,color,clarity,depth,table,price,x,y,z
229,0.52,Ideal,F,IF,62.2,55.0,2783,5.14,5.18,3.21
250,0.55,Ideal,G,IF,60.9,57.0,2789,5.28,5.3,3.22
256,0.64,Ideal,G,IF,61.3,56.0,2790,5.54,5.58,3.41
281,0.72,Premium,I,IF,63.0,57.0,2795,5.72,5.7,3.6
304,0.6,Very Good,G,IF,61.6,56.0,2800,5.43,5.46,3.35
313,0.61,Ideal,G,IF,62.3,56.0,2800,5.43,5.45,3.39
326,0.53,Ideal,F,IF,61.9,54.0,2802,5.22,5.25,3.24
569,0.56,Very Good,E,IF,61.0,59.0,2833,5.28,5.34,3.24
688,0.58,Very Good,E,IF,60.6,59.0,2852,5.37,5.43,3.27
788,0.62,Fair,F,IF,60.1,61.0,2861,5.53,5.56,3.33
841,0.62,Ideal,G,IF,60.5,57.0,2868,5.52,5.56,3.35
846,0.62,Ideal,G,IF,61.8,56.0,2869,5.43,5.47,3.37
913,0.63,Premium,E,IF,60.3,62.0,2879,5.55,5.53,3.34
926,0.7,Very Good,H,IF,62.8,56.0,2882,5.62,5.65,3.54
1160,0.51,Very Good,E,IF,63.3,58.0,2925,5.03,5.08,3.2
1161,0.71,Ideal,I,IF,61.5,56.0,2925,5.74,5.77,3.54
1293,0.74,Ideal,I,IF,62.1,53.9,2952,5.79,5.81,3.6
1331,0.64,Ideal,G,IF,61.7,58.0,2960,5.52,5.56,3.42
1394,0.24,Ideal,G,IF,61.7,56.0,559,3.99,4.01,2.47
1395,0.24,Ideal,G,IF,60.8,58.0,559,4.01,4.05,2.44
1396,0.24,Ideal,G,IF,61.8,55.0,559,3.99,4.02,2.47
1397,0.24,Ideal,G,IF,61.6,57.0,559,3.99,4.02,2.46
1398,0.24,Ideal,G,IF,61.3,57.0,559,4.0,4.03,2.46
1403,0.25,Very Good,F,IF,61.5,56.0,560,4.04,4.06,2.48
1404,0.27,Very Good,F,IF,60.4,58.0,560,4.18,4.2,2.53
1436,0.57,Ideal,F,IF,61.8,54.0,2974,5.33,5.35,3.3
1463,0.64,Good,F,IF,58.6,61.0,2980,5.69,5.71,3.34
1486,0.6,Very Good,F,IF,60.1,54.0,2988,5.5,5.58,3.33
1488,0.76,Ideal,I,IF,61.6,55.0,2988,5.92,5.89,3.64
1690,0.52,Ideal,E,IF,61.1,57.0,3033,5.17,5.21,3.17
1774,0.72,Premium,H,IF,58.7,59.0,3048,5.94,5.88,3.47
1791,0.66,Very Good,G,IF,60.5,59.0,3051,5.69,5.74,3.46
1854,0.65,Ideal,H,IF,61.5,55.0,3065,5.6,5.62,3.45
2089,0.71,Very Good,H,IF,63.0,57.0,3112,5.63,5.7,3.57
2213,0.68,Very Good,G,IF,62.7,56.0,3143,5.56,5.6,3.5
2235,0.71,Ideal,H,IF,61.2,56.0,3146,5.74,5.79,3.53
2320,0.7,Ideal,H,IF,62.2,55.0,3167,5.68,5.71,3.54
2442,0.72,Premium,G,IF,60.1,58.0,3185,5.89,5.86,3.53
2457,0.71,Ideal,H,IF,62.0,54.0,3190,5.71,5.75,3.55
2531,0.71,Fair,F,IF,58.7,62.0,3205,5.87,5.81,3.43
2615,0.82,Premium,I,IF,61.2,60.0,3224,6.03,5.99,3.68
2650,0.71,Ideal,H,IF,62.2,57.0,3234,5.7,5.74,3.56
2789,0.72,Ideal,H,IF,61.4,56.0,3257,5.76,5.8,3.55
2850,0.67,Ideal,G,IF,61.6,55.0,3271,5.61,5.65,3.47
2904,0.72,Ideal,H,IF,62.1,58.0,3283,5.72,5.75,3.56
2931,0.71,Ideal,H,IF,61.1,56.0,3290,5.74,5.78,3.52
2932,0.71,Ideal,H,IF,61.6,55.0,3290,5.75,5.78,3.55
2989,0.73,Ideal,H,IF,62.2,54.0,3301,5.76,5.82,3.6
3007,0.76,Good,G,IF,64.6,61.0,3304,5.72,5.8,3.72
3028,0.7,Ideal,H,IF,61.3,59.0,3309,5.69,5.72,3.5
3049,0.27,Very Good,G,IF,60.8,57.0,566,4.2,4.22,2.56
3052,0.27,Ideal,H,IF,61.6,56.0,566,4.18,4.21,2.58
3053,0.27,Ideal,G,IF,61.6,57.0,566,4.18,4.21,2.58
3062,0.62,Ideal,G,IF,61.8,56.0,3310,5.45,5.48,3.38
3169,0.61,Very Good,E,IF,61.7,58.0,3337,5.39,5.47,3.35
3218,0.71,Premium,H,IF,62.9,60.0,3349,5.74,5.67,3.59
3244,0.71,Ideal,H,IF,63.0,57.0,3354,5.68,5.72,3.59
3252,0.8,Ideal,I,IF,62.4,58.0,3357,5.9,5.96,3.7
3283,0.63,Ideal,G,IF,61.9,56.0,3363,5.5,5.52,3.41
3298,0.76,Very Good,H,IF,62.6,57.0,3367,5.8,5.83,3.64
3342,0.5,Good,D,IF,63.2,59.0,3378,4.99,5.04,3.17
3343,0.5,Very Good,D,IF,62.9,59.0,3378,4.99,5.09,3.17
3345,0.73,Ideal,H,IF,61.6,55.0,3378,5.8,5.82,3.58
3346,0.62,Ideal,G,IF,60.3,57.0,3378,5.54,5.61,3.35
3394,0.27,Very Good,F,IF,59.4,61.0,567,4.23,4.26,2.52
3428,0.71,Premium,H,IF,60.2,61.0,3384,5.8,5.76,3.48
3470,0.71,Good,F,IF,62.1,62.0,3393,5.68,5.79,3.56
3511,0.7,Premium,E,IF,62.9,59.0,3403,5.66,5.59,3.4
3520,0.72,Very Good,G,IF,63.3,54.0,3405,5.64,5.73,3.6
3625,0.73,Ideal,H,IF,61.4,59.0,3429,5.77,5.83,3.56
3668,0.71,Very Good,H,IF,60.2,61.0,3444,5.76,5.8,3.48
3680,0.51,Ideal,D,IF,62.0,56.0,3446,5.14,5.18,3.2
3682,0.51,Ideal,D,IF,62.1,55.0,3446,5.12,5.13,3.19
3692,0.7,Premium,G,IF,60.0,59.0,3447,5.75,5.79,3.46
3734,0.35,Ideal,J,IF,61.8,55.0,569,4.54,4.56,2.81
3735,0.35,Ideal,J,IF,61.8,53.0,569,4.58,4.61,2.84
3971,0.55,Good,D,IF,58.0,62.0,3509,5.31,5.41,3.12
4000,0.53,Ideal,D,IF,61.5,54.0,3517,5.27,5.21,3.22
4102,0.65,Ideal,G,IF,60.1,57.0,3536,5.61,5.65,3.38
4130,0.7,Very Good,G,IF,58.5,60.0,3543,5.83,5.87,3.42
4141,0.71,Premium,G,IF,61.9,58.0,3545,5.74,5.77,3.56
4251,0.71,Premium,F,IF,61.1,58.0,3578,5.8,5.72,3.52
4271,0.71,Good,G,IF,57.8,62.0,3583,5.82,5.95,3.4
4301,0.7,Premium,G,IF,62.2,58.0,3591,5.63,5.69,3.52
4426,0.72,Very Good,G,IF,60.7,56.0,3614,5.78,5.81,3.52
4473,0.7,Very Good,E,IF,63.4,58.0,3622,5.64,5.59,3.56
4549,0.71,Premium,G,IF,62.0,58.0,3642,5.67,5.72,3.53
4647,0.9,Good,I,IF,63.7,64.0,3669,6.07,6.02,3.85
4678,0.7,Ideal,G,IF,60.2,57.0,3672,5.78,5.84,3.5
4699,0.9,Ideal,J,IF,62.2,57.0,3677,6.17,6.14,3.83
4917,0.7,Very Good,G,IF,63.0,59.0,3725,5.58,5.62,3.53
4960,0.9,Good,I,IF,63.7,64.0,3734,6.02,6.07,3.85
4983,0.71,Ideal,G,IF,60.9,57.0,3739,5.74,5.79,3.51
5032,0.63,Ideal,F,IF,60.9,57.0,3749,5.53,5.57,3.38
5117,0.74,Ideal,H,IF,60.9,57.0,3760,5.83,5.85,3.56
5171,0.71,Ideal,G,IF,61.8,57.0,3772,5.7,5.75,3.54
5186,0.8,Ideal,H,IF,61.1,56.0,3774,6.02,5.96,3.66
5226,0.73,Ideal,H,IF,62.3,55.0,3785,5.77,5.79,3.6
5345,0.53,Ideal,D,IF,62.2,55.0,3812,5.17,5.19,3.22
5434,0.53,Very Good,D,IF,59.8,60.0,3827,5.22,5.28,3.14
5457,0.63,Ideal,D,IF,61.2,53.0,3832,5.55,5.6,3.41
5651,0.73,Ideal,F,IF,61.2,55.0,3880,5.86,5.8,3.57
5687,0.7,Very Good,F,IF,61.5,58.0,3887,5.65,5.7,3.49
5953,0.7,Ideal,G,IF,61.3,56.0,3949,5.72,5.73,3.51
5975,0.72,Premium,E,IF,61.3,60.0,3951,5.74,5.71,3.51
6084,0.8,Ideal,H,IF,62.4,54.0,3972,5.93,5.99,3.72
6238,0.71,Ideal,H,IF,61.2,56.0,4007,5.76,5.86,3.54
6310,0.56,Very Good,D,IF,62.5,59.0,4025,5.26,5.3,3.3
6338,0.57,Very Good,D,IF,61.3,57.0,4032,5.33,5.41,3.29
6383,0.25,Premium,F,IF,61.1,58.0,576,4.08,4.1,2.5
6441,0.79,Ideal,H,IF,61.3,56.0,4046,5.96,5.98,3.66
6775,0.81,Ideal,H,IF,61.6,58.0,4111,5.98,6.01,3.69
6947,0.73,Ideal,G,IF,62.3,56.0,4142,5.72,5.78,3.58
6974,0.76,Premium,F,IF,60.6,60.0,4150,5.89,5.85,3.56
7037,0.59,Ideal,D,IF,60.7,58.0,4161,5.45,5.49,3.32
7173,0.65,Ideal,E,IF,62.3,56.0,4184,5.52,5.56,3.45
7227,0.8,Premium,G,IF,62.6,58.0,4193,5.93,5.89,3.7
7320,0.59,Ideal,D,IF,60.9,57.0,4208,5.4,5.43,3.3
7357,0.56,Ideal,D,IF,62.4,56.0,4216,5.24,5.28,3.28
7377,0.76,Premium,F,IF,60.6,60.0,4223,5.85,5.89,3.56
7428,0.72,Ideal,F,IF,62.0,57.0,4228,5.71,5.78,3.56
7641,0.8,Premium,G,IF,62.6,58.0,4268,5.89,5.93,3.7
7809,0.56,Ideal,D,IF,61.9,57.0,4293,5.28,5.31,3.28
8049,0.25,Ideal,G,IF,61.1,57.0,582,4.06,4.07,2.48
8288,0.74,Ideal,F,IF,61.9,55.0,4383,5.79,5.84,3.6
8592,0.56,Very Good,D,IF,60.7,56.0,4440,5.34,5.36,3.25
8719,0.28,Ideal,H,IF,63.0,55.0,586,4.14,4.19,2.62
8720,0.28,Ideal,H,IF,62.0,56.0,586,4.2,4.23,2.61
9042,0.27,Ideal,I,IF,60.5,57.0,587,4.2,4.22,2.55
9060,0.9,Premium,I,IF,62.6,59.0,4516,6.15,6.12,3.84
9450,0.9,Very Good,I,IF,62.6,59.0,4596,6.12,6.15,3.84
9451,0.76,Ideal,F,IF,59.6,58.0,4596,5.95,5.96,3.55
9600,0.56,Ideal,D,IF,60.8,58.0,4632,5.35,5.31,3.24
9870,0.7,Very Good,E,IF,60.3,59.0,4679,5.72,5.76,3.46
10256,0.81,Ideal,G,IF,62.4,54.0,4751,5.93,5.99,3.72
10494,0.76,Very Good,E,IF,61.9,56.0,4798,5.83,5.85,3.62
10511,0.63,Very Good,D,IF,59.6,59.0,4800,5.55,5.59,3.32
10685,0.82,Very Good,G,IF,61.9,57.0,4844,5.96,6.0,3.7
11017,0.59,Ideal,D,IF,60.9,60.0,4916,5.41,5.39,3.29
11524,0.7,Premium,D,IF,60.0,59.0,5027,5.75,5.81,3.47
12377,0.26,Good,E,IF,59.6,61.0,597,4.13,4.16,2.47
12861,1.11,Good,J,IF,58.3,62.0,5361,6.77,6.84,3.97
13028,0.26,Ideal,H,IF,61.1,57.0,600,4.16,4.12,2.53
13385,0.37,Ideal,J,IF,61.9,54.0,601,4.63,4.68,2.88
13437,1.16,Ideal,J,IF,60.6,56.0,5519,6.79,6.86,4.14
13936,0.9,Very Good,G,IF,63.1,58.0,5670,6.18,6.09,3.87
14045,0.26,Ideal,G,IF,62.2,55.0,605,4.09,4.13,2.55
14046,0.26,Ideal,G,IF,62.5,57.0,605,4.06,4.1,2.55
14181,0.9,Very Good,G,IF,60.1,59.0,5754,6.22,6.26,3.75
14191,0.92,Ideal,H,IF,62.5,55.0,5758,6.25,6.3,3.92
14245,0.9,Good,G,IF,63.1,58.0,5771,6.09,6.18,3.87
14497,0.9,Good,G,IF,61.8,61.0,5855,6.12,6.17,3.8
14549,0.93,Ideal,G,IF,62.2,58.0,5879,6.25,6.22,3.88
15698,0.29,Ideal,H,IF,62.2,55.0,607,4.25,4.28,2.65
15699,0.29,Ideal,H,IF,60.7,57.0,607,4.3,4.33,2.62
15700,0.29,Ideal,H,IF,62.1,55.0,607,4.26,4.29,2.65
15746,1.21,Good,J,IF,62.1,60.0,6299,6.81,6.87,4.25
15844,0.81,Ideal,F,IF,61.5,55.0,6338,5.98,6.05,3.7
16404,0.63,Ideal,D,IF,62.5,55.0,6549,5.47,5.5,3.43
16540,0.63,Ideal,D,IF,62.5,55.0,6607,5.5,5.47,3.43
16763,0.8,Ideal,F,IF,60.8,56.0,6674,5.99,6.05,3.66
16793,1.04,Very Good,H,IF,62.0,55.0,6694,6.51,6.55,4.05
16806,1.01,Premium,H,IF,62.1,59.0,6702,6.47,6.41,4.0
16808,1.05,Good,H,IF,64.3,58.0,6703,6.5,6.35,4.13
17034,0.9,Good,E,IF,63.6,56.0,6804,6.11,6.02,3.86
17043,0.28,Very Good,F,IF,62.2,55.0,612,4.23,4.26,2.64
17056,0.28,Good,E,IF,64.6,58.0,612,4.09,4.12,2.65
17130,0.8,Very Good,D,IF,63.3,57.0,6834,5.85,5.87,3.71
17192,1.18,Very Good,I,IF,63.3,58.0,6867,6.69,6.73,4.25
17326,0.95,Ideal,G,IF,59.8,59.0,6951,6.36,6.43,3.82
17740,1.2,Very Good,I,IF,59.1,61.0,7141,6.91,6.99,4.11
17861,1.19,Ideal,I,IF,61.7,56.0,7207,6.78,6.81,4.19
17887,1.01,Premium,G,IF,61.3,58.0,7220,6.4,6.48,3.95
17918,1.0,Premium,H,IF,60.6,57.0,7235,6.54,6.47,3.94
18053,0.3,Ideal,I,IF,62.0,57.0,615,4.28,4.3,2.66
18054,0.3,Ideal,I,IF,62.5,56.0,615,4.26,4.28,2.67
18113,1.05,Ideal,H,IF,61.2,55.0,7329,6.62,6.59,4.04
18147,1.01,Premium,G,IF,61.3,58.0,7352,6.48,6.4,3.95
18174,1.2,Ideal,I,IF,61.5,56.0,7367,6.79,6.84,4.19
18655,1.3,Premium,I,IF,61.8,58.0,7621,6.95,7.0,4.31
18721,1.17,Very Good,H,IF,59.3,59.0,7644,6.92,6.98,4.12
18785,1.0,Very Good,G,IF,62.2,61.0,7682,6.38,6.41,3.98
18891,0.9,Very Good,E,IF,63.9,55.0,7747,6.05,6.09,3.88
18909,1.3,Premium,I,IF,61.8,58.0,7760,7.0,6.95,4.31
18945,1.21,Ideal,H,IF,61.0,57.0,7789,6.79,6.89,4.17
19000,1.0,Premium,G,IF,62.2,61.0,7822,6.41,6.38,3.98
19001,1.0,Premium,G,IF,61.4,59.0,7822,6.47,6.39,3.95
19124,0.83,Very Good,D,IF,59.7,53.0,7889,6.14,6.23,3.69
19237,1.01,Very Good,G,IF,60.0,61.0,7974,6.41,6.45,3.86
19238,1.01,Very Good,G,IF,63.0,60.0,7974,6.31,6.35,3.99
19279,1.0,Very Good,G,IF,58.3,62.0,8002,6.51,6.57,3.81
19485,1.01,Premium,G,IF,60.0,61.0,8120,6.45,6.41,3.86
19486,1.01,Premium,G,IF,63.0,60.0,8120,6.35,6.31,3.99
19527,1.02,Ideal,G,IF,62.5,57.0,8162,6.37,6.44,4.0
19604,1.04,Very Good,G,IF,61.7,58.0,8225,6.47,6.6,4.03
19657,1.17,Ideal,H,IF,61.0,53.0,8266,6.89,6.85,4.19
19696,0.25,Ideal,G,IF,61.7,56.0,624,4.04,4.1,2.51
19722,1.21,Premium,H,IF,62.2,58.0,8294,6.8,6.83,4.24
19739,1.02,Ideal,G,IF,62.5,57.0,8311,6.44,6.37,4.0
19858,1.06,Very Good,G,IF,61.2,57.0,8415,6.52,6.56,4.0
19880,1.23,Ideal,H,IF,61.3,57.0,8431,6.87,6.92,4.23
19897,1.21,Premium,H,IF,62.2,58.0,8446,6.83,6.8,4.24
19941,1.02,Premium,G,IF,61.8,59.0,8489,6.41,6.46,3.98
20122,1.23,Ideal,H,IF,61.3,57.0,8585,6.92,6.87,4.23
20129,1.1,Very Good,G,IF,60.5,55.0,8592,6.77,6.71,4.08
20165,1.01,Very Good,G,IF,62.8,57.0,8621,6.39,6.42,4.02
20170,1.02,Very Good,G,IF,62.3,59.0,8624,6.36,6.45,3.99
20202,1.02,Premium,G,IF,61.8,59.0,8643,6.46,6.41,3.98
20217,1.09,Very Good,G,IF,62.9,57.0,8650,6.52,6.58,4.12
20224,1.04,Very Good,G,IF,60.7,58.0,8655,6.52,6.65,4.0
20422,1.01,Ideal,G,IF,62.8,57.0,8778,6.42,6.39,4.02
20436,1.22,Very Good,G,IF,62.0,59.0,8793,6.8,6.85,4.23
20471,1.04,Premium,G,IF,60.7,58.0,8813,6.65,6.52,4.0
20518,1.05,Ideal,G,IF,62.5,56.0,8850,6.48,6.52,4.06
20519,1.05,Premium,G,IF,60.6,60.0,8850,6.57,6.59,3.99
20549,1.01,Ideal,G,IF,61.5,58.0,8869,6.44,6.47,3.97
20550,1.01,Ideal,G,IF,60.8,59.0,8869,6.47,6.5,3.94
20560,1.08,Ideal,G,IF,61.3,57.0,8873,6.59,6.62,4.05
20623,1.04,Ideal,G,IF,62.1,54.0,8921,6.53,6.55,4.06
20674,1.02,Ideal,G,IF,62.3,57.0,8955,6.43,6.5,4.03
20676,1.01,Ideal,G,IF,62.2,61.0,8957,6.34,6.4,3.96
20683,1.12,Very Good,G,IF,60.9,57.0,8962,6.68,6.79,4.1
20697,1.12,Good,G,IF,59.6,56.0,8973,6.8,6.85,4.07
20774,1.05,Ideal,G,IF,62.5,56.0,9012,6.52,6.48,4.06
20775,1.05,Premium,G,IF,60.6,60.0,9012,6.59,6.57,3.99
20776,1.05,Very Good,G,IF,58.9,61.0,9013,6.64,6.67,3.92
20804,1.08,Ideal,G,IF,61.3,57.0,9035,6.62,6.59,4.05
20811,1.04,Premium,G,IF,61.3,58.0,9039,6.52,6.43,3.97
20826,1.1,Very Good,G,IF,59.8,56.0,9053,6.75,6.82,4.06
20834,1.01,Very Good,G,IF,61.1,56.0,9063,6.45,6.48,3.95
20912,1.12,Premium,G,IF,60.9,57.0,9126,6.79,6.68,4.1
20970,0.9,Very Good,D,IF,62.4,54.0,9182,6.17,6.21,3.86
21071,1.0,Very Good,F,IF,63.9,56.0,9248,6.31,6.34,4.04
21216,1.07,Ideal,G,IF,61.5,57.0,9361,6.54,6.59,4.04
21269,1.53,Premium,J,IF,61.1,58.0,9424,7.41,7.45,4.54
21279,1.06,Very Good,F,IF,60.6,56.0,9433,6.62,6.69,4.03
21283,1.12,Premium,G,IF,61.2,58.0,9440,6.67,6.7,4.09
21299,1.01,Good,F,IF,62.7,59.0,9451,6.3,6.42,3.99
21411,1.13,Premium,G,IF,61.2,59.0,9525,6.71,6.78,4.13
21424,1.07,Ideal,G,IF,61.5,57.0,9532,6.59,6.54,4.04
21500,1.53,Premium,J,IF,61.1,58.0,9596,7.45,7.41,4.54
21516,1.12,Premium,G,IF,61.2,58.0,9612,6.7,6.67,4.09
21530,1.01,Premium,F,IF,62.3,57.0,9627,6.5,6.35,4.0
21558,1.0,Good,F,IF,60.7,64.0,9660,6.42,6.4,3.89
21584,1.45,Very Good,I,IF,60.6,61.0,9683,7.32,7.41,4.46
21596,1.13,Premium,G,IF,61.2,59.0,9698,6.78,6.71,4.13
21709,0.27,Ideal,G,IF,61.2,57.0,627,4.17,4.2,2.56
21710,0.27,Ideal,G,IF,62.0,56.0,627,4.14,4.17,2.58
21751,1.12,Very Good,G,IF,61.0,58.0,9820,6.7,6.72,4.09
21765,1.08,Ideal,G,IF,62.3,56.0,9831,6.55,6.59,4.09
21794,1.0,Good,F,IF,63.2,63.0,9867,6.24,6.26,3.95
21835,1.16,Ideal,G,IF,62.3,55.0,9901,6.73,6.79,4.21
21836,1.16,Ideal,G,IF,62.0,57.0,9901,6.7,6.73,4.16
21867,1.11,Ideal,G,IF,61.9,55.0,9931,6.64,6.68,4.12
21896,1.01,Very Good,F,IF,59.6,62.0,9965,6.47,6.56,3.88
21902,1.01,Very Good,F,IF,63.5,59.0,9972,6.29,6.41,4.03
21914,1.2,Very Good,G,IF,59.4,61.0,9987,6.92,6.95,4.12
21959,1.02,Very Good,E,IF,61.7,60.0,10029,6.38,6.52,3.98
21961,1.03,Very Good,F,IF,62.8,57.0,10032,6.4,6.47,4.04
21978,1.0,Very Good,F,IF,63.2,63.0,10046,6.26,6.24,3.95
21986,1.11,Ideal,G,IF,61.2,54.0,10053,6.71,6.73,4.11
21998,1.09,Premium,G,IF,61.3,58.0,10065,6.64,6.6,4.06
22052,1.16,Ideal,G,IF,62.3,55.0,10082,6.79,6.73,4.21
22053,1.16,Ideal,G,IF,62.0,57.0,10082,6.73,6.7,4.16
22118,1.5,Very Good,I,IF,62.9,58.0,10147,7.21,7.31,4.57
22135,1.61,Premium,J,IF,62.1,58.0,10165,7.47,7.53,4.66
22136,1.2,Premium,G,IF,59.4,61.0,10169,6.95,6.92,4.12
22192,1.13,Ideal,G,IF,61.7,57.0,10228,6.65,6.7,4.12
22210,1.04,Very Good,F,IF,63.0,55.0,10264,6.36,6.53,4.06
22259,1.14,Ideal,G,IF,61.1,57.0,10313,6.7,6.76,4.11
22278,1.5,Premium,I,IF,62.9,58.0,10332,7.31,7.21,4.57
22301,1.0,Very Good,F,IF,60.1,57.0,10346,6.45,6.52,3.9
22308,1.61,Premium,J,IF,62.1,58.0,10350,7.53,7.47,4.66
22326,1.16,Ideal,G,IF,59.9,57.0,10368,6.85,6.93,4.13
22395,1.52,Ideal,I,IF,62.2,57.0,10419,7.27,7.33,4.54
22447,1.01,Very Good,F,IF,61.9,59.0,10476,6.38,6.45,3.97
22472,1.2,Very Good,G,IF,60.9,55.0,10497,6.9,6.93,4.21
22481,1.24,Premium,G,IF,60.5,60.0,10508,6.95,6.91,4.19
22485,1.04,Very Good,F,IF,59.8,56.0,10515,6.64,6.71,3.99
22547,1.24,Premium,G,IF,60.5,58.0,10584,6.94,7.0,4.22
22561,1.52,Ideal,I,IF,62.2,57.0,10609,7.33,7.27,4.54
22563,1.03,Ideal,F,IF,63.1,55.0,10615,6.45,6.46,4.07
22612,1.09,Very Good,F,IF,61.1,58.0,10663,6.63,6.69,4.07
22639,1.01,Ideal,F,IF,62.0,58.0,10688,6.41,6.46,3.99
22664,1.02,Very Good,E,IF,63.5,58.0,10710,6.43,6.33,4.05
22765,1.04,Ideal,F,IF,61.8,55.0,10787,6.49,6.56,4.03
22778,1.01,Very Good,F,IF,59.2,60.0,10800,6.48,6.59,3.87
22912,1.0,Very Good,E,IF,63.1,56.0,10954,6.32,6.39,4.01
22928,1.02,Very Good,F,IF,62.5,58.0,10967,6.39,6.54,4.04
22934,1.4,Ideal,H,IF,60.9,57.0,10976,7.22,7.29,4.42
22941,1.04,Ideal,F,IF,61.8,55.0,10984,6.56,6.49,4.03
22948,1.06,Ideal,F,IF,61.0,57.0,10995,6.55,6.64,4.02
22968,1.07,Very Good,F,IF,59.4,59.0,11019,6.64,6.7,3.96
22976,1.05,Premium,E,IF,59.8,59.0,11025,6.65,6.62,3.97
23070,1.22,Premium,G,IF,59.2,58.0,11104,7.02,6.97,4.14
23082,1.34,Ideal,H,IF,60.9,57.0,11109,7.09,7.19,4.35
23085,1.22,Ideal,G,IF,61.7,56.0,11111,6.87,6.91,4.25
23095,1.02,Ideal,F,IF,62.0,58.0,11116,6.44,6.49,4.01
23137,1.27,Ideal,G,IF,61.5,58.0,11157,6.95,6.99,4.29
23150,1.02,Premium,F,IF,62.5,58.0,11167,6.54,6.39,4.04
23188,1.06,Ideal,F,IF,61.0,57.0,11195,6.64,6.55,4.02
23207,1.0,Very Good,E,IF,62.5,55.0,11214,6.28,6.39,3.96
23227,1.1,Ideal,F,IF,62.0,57.0,11233,6.65,6.57,4.1
23263,1.04,Very Good,E,IF,63.6,58.0,11269,6.41,6.43,4.08
23321,1.03,Ideal,F,IF,61.3,56.0,11365,6.53,6.55,4.01
23327,1.28,Ideal,G,IF,60.8,57.0,11372,7.02,7.05,4.28
23330,1.24,Ideal,G,IF,62.4,56.0,11376,6.86,6.89,4.29
23339,1.01,Premium,E,IF,62.6,58.0,11387,6.37,6.44,4.01
23386,0.3,Good,I,IF,63.3,57.0,631,4.23,4.3,2.7
23387,0.3,Good,I,IF,63.3,56.0,631,4.21,4.26,2.68
23411,1.28,Ideal,G,IF,62.0,55.6,11401,6.94,6.96,4.31
23425,1.05,Very Good,F,IF,59.7,55.0,11417,6.66,6.73,4.0
23430,1.02,Very Good,E,IF,58.1,59.0,11420,6.71,6.75,3.91
23441,1.07,Ideal,F,IF,62.0,57.0,11434,6.52,6.57,4.06
23475,1.07,Very Good,E,IF,58.6,63.0,11475,6.7,6.79,3.95
23491,1.01,Premium,E,IF,62.6,58.0,11491,6.44,6.37,4.01
23494,1.02,Ideal,E,IF,62.6,57.0,11500,6.41,6.47,4.03
23503,1.25,Ideal,G,IF,60.2,54.0,11511,6.99,7.03,4.22
23508,1.06,Very Good,E,IF,62.7,58.0,11518,6.48,6.54,4.08
23590,1.02,Ideal,E,IF,62.6,57.0,11605,6.47,6.41,4.03
23603,1.09,Very Good,F,IF,61.4,56.0,11631,6.62,6.68,4.08
23658,1.25,Ideal,G,IF,60.6,57.0,11705,6.97,6.99,4.23
23701,0.3,Premium,I,IF,60.5,59.0,631,4.32,4.34,2.62
23726,0.25,Very Good,F,IF,61.1,54.0,633,4.08,4.11,2.5
23727,0.25,Very Good,E,IF,61.3,56.0,633,4.1,4.13,2.53
23778,1.05,Premium,E,IF,59.0,58.0,11838,6.66,6.7,3.94
23787,1.09,Ideal,F,IF,61.4,55.0,11846,6.61,6.68,4.09
23823,1.09,Ideal,F,IF,61.6,55.0,11888,6.59,6.65,4.08
23855,1.05,Premium,E,IF,59.0,58.0,11946,6.7,6.66,3.94
23912,1.02,Ideal,E,IF,62.2,56.0,12030,6.44,6.38,3.99
24026,1.54,Premium,H,IF,62.5,58.0,12196,7.33,7.38,4.6
24035,0.29,Good,F,IF,56.8,65.0,633,4.37,4.4,2.49
24052,0.31,Ideal,I,IF,60.9,57.0,635,4.39,4.44,2.69
24053,0.31,Ideal,I,IF,61.7,55.0,635,4.36,4.39,2.7
24054,0.31,Ideal,I,IF,60.9,57.0,635,4.37,4.4,2.67
24055,0.31,Ideal,I,IF,62.0,54.0,635,4.38,4.4,2.72
24056,0.31,Ideal,I,IF,62.0,54.0,635,4.36,4.42,2.72
24126,1.51,Very Good,I,IF,62.1,59.0,12291,7.25,7.31,4.52
24127,1.51,Very Good,I,IF,62.2,62.0,12291,7.3,7.33,4.55
24134,1.54,Premium,H,IF,62.5,58.0,12308,7.38,7.33,4.6
24235,1.51,Ideal,H,IF,62.7,56.0,12437,7.26,7.38,4.59
24247,1.14,Ideal,G,IF,59.0,59.0,12458,6.81,6.91,4.05
24256,1.3,Ideal,G,IF,62.3,56.0,12467,6.95,6.99,4.34
24291,1.06,Ideal,F,IF,61.9,55.0,12539,6.54,6.57,4.06
24294,1.13,Premium,F,IF,60.0,58.0,12543,6.78,6.76,4.06
24301,1.13,Premium,F,IF,59.8,60.0,12549,6.82,6.76,4.06
24324,1.01,Very Good,D,IF,63.3,55.0,12581,6.36,6.28,4.0
24401,1.06,Very Good,E,IF,62.4,55.0,12642,6.5,6.54,4.07
24406,1.14,Very Good,E,IF,63.3,57.0,12647,6.63,6.71,4.22
24459,1.13,Premium,F,IF,59.8,60.0,12722,6.82,6.76,4.06
24462,1.5,Ideal,I,IF,61.3,56.0,12725,7.34,7.41,4.52
24569,1.01,Ideal,E,IF,61.4,57.0,12865,6.53,6.46,3.99
24585,1.15,Very Good,E,IF,59.2,57.0,12895,6.78,6.86,4.04
24591,1.2,Very Good,F,IF,62.3,60.0,12905,6.74,6.8,4.22
24610,1.3,Ideal,G,IF,61.3,56.0,12932,7.03,7.06,4.32
24615,1.39,Ideal,G,IF,60.6,55.0,12943,7.21,7.27,4.39
24648,1.5,Very Good,H,IF,63.0,59.0,12988,7.23,7.3,4.58
24689,1.05,Ideal,F,IF,61.7,56.0,13060,6.48,6.56,4.02
24720,1.03,Ideal,F,IF,62.3,57.0,13060,6.44,6.49,4.03
24721,1.39,Ideal,G,IF,60.6,55.0,13061,7.27,7.21,4.39
24733,1.51,Premium,H,IF,60.2,60.0,13075,7.41,7.44,4.47
24752,1.5,Premium,H,IF,63.0,59.0,13107,7.3,7.23,4.58
24798,1.24,Ideal,G,IF,62.0,55.0,13178,6.93,6.89,4.29
24806,1.51,Premium,H,IF,60.2,60.0,13194,7.44,7.41,4.47
24842,1.53,Good,H,IF,63.1,57.0,13248,7.25,7.34,4.6
24908,1.06,Ideal,E,IF,62.0,57.0,13344,6.49,6.54,4.04
24914,1.28,Ideal,G,IF,61.7,56.0,13360,6.95,6.99,4.3
24921,1.53,Very Good,H,IF,63.1,57.0,13369,7.34,7.25,4.6
24951,1.55,Ideal,H,IF,61.4,57.0,13421,7.42,7.47,4.57
24958,1.37,Ideal,G,IF,62.3,54.0,13439,7.11,7.15,4.43
25012,1.55,Ideal,H,IF,61.4,57.0,13544,7.47,7.42,4.57
25122,1.26,Ideal,F,IF,62.6,57.0,13671,6.94,6.84,4.31
25297,1.25,Very Good,F,IF,60.3,58.0,13953,6.96,7.03,4.22
25320,1.5,Good,G,IF,59.9,59.0,13998,7.39,7.46,4.45
25393,1.26,Very Good,F,IF,60.0,60.0,14095,7.04,7.09,4.24
25508,1.2,Ideal,F,IF,61.6,57.0,14300,6.84,6.79,4.2
25591,1.2,Ideal,F,IF,61.6,57.0,14430,6.84,6.79,4.2
25622,1.04,Ideal,D,IF,61.8,57.0,14494,6.49,6.52,4.02
25712,1.35,Ideal,G,IF,62.2,57.0,14616,7.07,7.11,4.41
25718,1.04,Ideal,D,IF,61.8,57.0,14626,6.52,6.49,4.02
25731,1.51,Good,G,IF,62.8,60.0,14654,7.18,7.24,4.53
25765,1.66,Ideal,H,IF,61.5,57.0,14724,7.59,7.62,4.68
25822,1.32,Very Good,F,IF,62.4,58.0,14842,6.97,7.01,4.36
25827,1.18,Ideal,E,IF,61.1,56.0,14847,6.78,6.91,4.18
25831,1.66,Ideal,H,IF,61.5,57.0,14859,7.62,7.59,4.68
25924,1.01,Good,D,IF,63.2,59.0,15081,6.34,6.38,4.02
25925,1.01,Good,D,IF,63.4,59.0,15081,6.26,6.39,4.01
25972,1.48,Good,G,IF,59.8,61.0,15164,7.54,7.34,4.45
25986,1.09,Ideal,E,IF,60.1,58.0,15193,6.68,6.72,4.03
25997,1.01,Very Good,D,IF,63.4,59.0,15219,6.39,6.26,4.01
26003,1.02,Premium,D,IF,61.5,60.0,15231,6.45,6.52,3.99
26077,1.02,Very Good,D,IF,62.7,57.0,15306,6.36,6.46,4.02
26105,1.02,Premium,D,IF,61.5,60.0,15370,6.52,6.45,3.99
26108,1.27,Ideal,F,IF,61.3,55.0,15377,6.98,7.02,4.29
26142,1.54,Very Good,G,IF,59.4,60.0,15444,7.55,7.61,4.5
26152,1.11,Ideal,E,IF,61.8,55.0,15464,6.65,6.69,4.12
26166,1.21,Ideal,F,IF,62.8,56.0,15497,6.75,6.84,4.27
26198,1.02,Ideal,D,IF,63.0,57.0,15575,6.39,6.35,4.01
26237,1.04,Premium,D,IF,60.6,56.0,15671,6.6,6.54,3.98
26308,1.28,Premium,E,IF,59.8,59.0,15806,7.1,7.07,4.24
26311,1.06,Ideal,D,IF,61.2,57.0,15813,6.57,6.61,4.03
26383,1.3,Ideal,E,IF,62.3,54.0,15874,6.97,7.03,4.36
26407,1.0,Good,D,IF,63.3,59.0,15928,6.33,6.37,4.02
26483,1.0,Very Good,D,IF,63.3,59.0,16073,6.37,6.33,4.02
26491,1.01,Very Good,D,IF,61.6,56.0,16087,6.43,6.46,3.97
26549,1.01,Premium,D,IF,61.6,56.0,16234,6.46,6.43,3.97
26585,1.6,Ideal,H,IF,61.5,53.0,16300,7.57,7.69,4.66
26634,1.09,Good,D,IF,58.7,61.0,16406,6.75,6.85,3.99
26660,1.0,Ideal,D,IF,60.7,57.0,16469,6.44,6.48,3.92
26748,1.6,Ideal,G,IF,59.8,54.0,16547,7.75,7.63,4.6
26883,1.25,Ideal,E,IF,61.8,55.0,16823,6.95,6.9,4.28
26965,1.07,Ideal,D,IF,60.9,54.0,17042,6.66,6.73,4.08
26998,1.02,Very Good,D,IF,61.7,59.0,17100,6.42,6.52,3.99
27129,2.04,Ideal,J,IF,61.5,58.0,17327,8.11,8.14,5.0
27131,1.58,Ideal,G,IF,62.2,57.0,17329,7.45,7.51,4.65
27139,1.21,Ideal,E,IF,61.8,56.0,17353,6.81,6.88,4.23
27196,1.14,Good,D,IF,61.7,63.0,17499,6.64,6.74,4.13
27219,1.65,Ideal,G,IF,62.4,55.0,17569,7.53,7.61,4.72
27226,1.03,Ideal,D,IF,62.0,56.0,17590,6.55,6.44,4.03
27232,1.38,Very Good,F,IF,58.2,60.0,17598,7.32,7.39,4.28
27252,1.34,Premium,E,IF,61.8,58.0,17663,7.15,7.08,4.4
27276,1.65,Ideal,G,IF,62.4,55.0,17729,7.61,7.53,4.72
27349,1.07,Very Good,D,IF,59.0,59.0,17909,6.63,6.72,3.94
27368,0.28,Ideal,F,IF,62.4,55.0,646,4.17,4.2,2.61
27400,2.08,Ideal,J,IF,61.0,55.0,17986,8.32,8.25,5.05
27450,1.51,Premium,F,IF,60.5,61.0,18102,7.5,7.4,4.45
27455,1.14,Very Good,D,IF,59.1,58.0,18112,6.83,6.9,4.06
27457,1.07,Very Good,D,IF,60.9,58.0,18114,6.57,6.67,4.03
27507,1.09,Very Good,D,IF,61.7,58.0,18231,6.55,6.65,4.07
27530,1.07,Premium,D,IF,60.9,58.0,18279,6.67,6.57,4.03
27583,2.29,Premium,J,IF,61.4,60.0,18426,8.45,8.49,5.2
27591,1.33,Ideal,F,IF,60.2,57.0,18435,7.12,7.17,4.3
27635,1.04,Very Good,D,IF,61.3,56.0,18542,6.53,6.55,4.01
27636,1.5,Very Good,F,IF,63.2,58.0,18552,7.2,7.32,4.59
27650,2.29,Premium,J,IF,61.4,60.0,18594,8.49,8.45,5.2
27677,1.28,Ideal,E,IF,60.7,57.0,18700,7.09,6.99,4.27
27701,0.26,Ideal,G,IF,61.7,54.0,648,4.15,4.18,2.57
27702,0.26,Ideal,G,IF,60.8,56.0,648,4.11,4.15,2.51
27747,1.51,Ideal,G,IF,61.7,55.0,18806,7.37,7.41,4.56
27812,0.28,Ideal,G,IF,61.3,57.0,650,4.25,4.27,2.6
27813,0.28,Ideal,G,IF,61.5,57.0,650,4.19,4.21,2.58
27814,0.28,Ideal,G,IF,62.4,55.0,650,4.17,4.2,2.61
27815,0.28,Ideal,G,IF,60.9,57.0,650,4.24,4.27,2.59
27834,0.41,Very Good,J,IF,60.8,56.0,651,4.83,4.87,2.95
27861,0.31,Ideal,I,IF,61.3,57.0,652,4.34,4.4,2.68
27862,0.31,Ideal,I,IF,62.2,54.0,652,4.36,4.39,2.72
27891,0.32,Ideal,I,IF,62.1,54.0,655,4.39,4.43,2.74
27892,0.32,Ideal,I,IF,61.6,56.0,655,4.4,4.43,2.72
27893,0.32,Ideal,I,IF,61.4,57.0,655,4.39,4.44,2.71
27894,0.32,Ideal,I,IF,61.7,55.0,655,4.4,4.42,2.72
27915,0.26,Ideal,F,IF,61.6,56.0,657,4.07,4.11,2.52
28373,0.34,Ideal,I,IF,62.2,53.5,668,4.5,4.52,2.8
28468,0.27,Ideal,G,IF,61.0,56.0,672,4.17,4.19,2.55
28502,0.29,Ideal,G,IF,60.6,57.0,673,4.28,4.31,2.6
28503,0.29,Ideal,G,IF,61.3,55.0,673,4.25,4.28,2.61
28504,0.29,Ideal,G,IF,62.0,56.0,673,4.23,4.27,2.63
28514,0.32,Premium,I,IF,60.3,58.0,673,4.41,4.45,2.67
28515,0.32,Ideal,I,IF,60.8,54.0,673,4.44,4.47,2.71
28517,0.32,Ideal,I,IF,62.2,57.0,673,4.35,4.37,2.71
28518,0.32,Very Good,I,IF,61.9,59.0,673,4.37,4.39,2.71
28531,0.33,Ideal,I,IF,62.0,54.0,675,4.46,4.48,2.77
28532,0.33,Ideal,I,IF,61.7,55.0,675,4.45,4.49,2.76
28533,0.33,Ideal,I,IF,61.1,56.0,675,4.45,4.49,2.73
28680,0.24,Ideal,F,IF,62.9,55.0,678,3.96,3.98,2.5
28681,0.24,Ideal,F,IF,61.6,57.0,678,3.97,4.0,2.45
28682,0.24,Ideal,F,IF,61.0,57.0,678,4.04,4.07,2.47
28683,0.24,Ideal,F,IF,60.7,57.0,678,3.99,4.04,2.43
28872,0.32,Premium,J,IF,61.2,59.0,684,4.44,4.41,2.71
28873,0.32,Ideal,J,IF,62.2,55.0,684,4.44,4.4,2.75
28874,0.32,Ideal,J,IF,62.2,56.0,684,4.41,4.37,2.73
29073,0.28,Very Good,E,IF,59.6,55.0,688,4.24,4.31,2.55
29129,0.3,Very Good,H,IF,62.3,56.0,691,4.3,4.33,2.68
29195,0.33,Premium,I,IF,62.1,58.0,694,4.39,4.43,2.74
29196,0.33,Ideal,I,IF,62.1,55.0,694,4.41,4.44,2.75
29197,0.33,Very Good,I,IF,59.0,61.0,694,4.49,4.56,2.67
29199,0.33,Ideal,I,IF,61.6,55.0,694,4.46,4.47,2.75
29200,0.33,Ideal,I,IF,61.4,56.0,694,4.41,4.45,2.72
29201,0.33,Very Good,I,IF,62.0,58.0,694,4.44,4.46,2.76
29204,0.33,Ideal,I,IF,61.8,55.0,694,4.46,4.47,2.76
29205,0.33,Ideal,I,IF,62.2,56.0,694,4.42,4.45,2.76
29218,0.34,Ideal,I,IF,61.6,54.0,695,4.5,4.53,2.78
29219,0.34,Ideal,I,IF,61.9,55.0,695,4.5,4.52,2.79
29220,0.34,Ideal,I,IF,61.3,55.0,695,4.52,4.55,2.78
29221,0.34,Ideal,I,IF,62.1,54.0,695,4.49,4.53,2.8
29975,0.35,Ideal,I,IF,61.8,55.0,715,4.55,4.57,2.82
29976,0.35,Ideal,I,IF,61.1,56.0,715,4.56,4.6,2.8
29977,0.35,Ideal,I,IF,61.5,55.0,715,4.53,4.57,2.8
30041,0.33,Ideal,I,IF,61.5,56.0,719,4.43,4.47,2.74
30176,0.29,Ideal,G,IF,61.3,56.0,721,4.26,4.29,2.62
30524,0.26,Ideal,F,IF,62.0,56.0,733,4.07,4.1,2.53
30639,0.36,Ideal,I,IF,61.8,55.0,735,4.58,4.61,2.84
30640,0.36,Ideal,I,IF,62.0,55.0,735,4.59,4.61,2.85
30641,0.36,Ideal,I,IF,61.9,54.0,735,4.57,4.6,2.84
30679,0.35,Ideal,I,IF,62.5,55.0,737,4.52,4.54,2.83
30732,0.25,Ideal,F,IF,62.3,54.0,739,4.06,4.09,2.54
30736,0.31,Premium,H,IF,60.8,59.0,739,4.36,4.39,2.66
30754,0.25,Premium,F,IF,61.1,58.0,740,4.1,4.08,2.5
30803,0.3,Good,F,IF,60.0,63.0,742,4.3,4.36,2.6
30806,0.3,Very Good,G,IF,60.5,58.0,743,4.35,4.38,2.64
30942,0.24,Very Good,H,IF,61.3,56.0,449,4.04,4.06,2.48
31006,0.29,Ideal,F,IF,61.9,56.0,748,4.27,4.3,2.65
31118,0.37,Ideal,I,IF,60.7,56.0,754,4.64,4.68,2.83
31119,0.37,Ideal,I,IF,61.4,55.0,754,4.65,4.67,2.86
31254,0.4,Ideal,J,IF,62.5,56.0,758,4.7,4.74,2.95
31320,0.36,Premium,I,IF,59.9,59.0,758,4.58,4.63,2.76
31342,0.27,Very Good,E,IF,59.7,56.0,760,4.26,4.28,2.55
31354,0.27,Ideal,F,IF,61.3,57.0,760,4.16,4.2,2.56
31355,0.27,Ideal,F,IF,61.8,55.0,760,4.14,4.21,2.57
31356,0.27,Ideal,F,IF,61.4,57.0,760,4.17,4.19,2.57
31357,0.27,Ideal,F,IF,63.0,55.0,760,4.13,4.16,2.61
31374,0.31,Ideal,H,IF,60.8,57.0,761,4.38,4.4,2.67
31378,0.31,Premium,H,IF,60.4,58.0,761,4.41,4.43,2.67
31393,0.32,Premium,H,IF,61.8,58.0,763,4.35,4.39,2.7
31424,0.3,Ideal,H,IF,61.2,55.0,764,4.36,4.37,2.67
31425,0.3,Ideal,H,IF,61.5,58.0,764,4.28,4.3,2.64
31426,0.3,Ideal,H,IF,60.8,56.0,764,4.36,4.39,2.66
31427,0.3,Ideal,H,IF,62.2,54.0,764,4.34,4.37,2.71
31428,0.3,Ideal,H,IF,61.8,57.0,764,4.31,4.36,2.68
31429,0.3,Ideal,H,IF,62.5,56.0,764,4.31,4.33,2.7
31430,0.3,Ideal,H,IF,62.3,54.0,764,4.34,4.36,2.71
31431,0.3,Ideal,H,IF,61.5,56.0,764,4.32,4.33,2.66
31432,0.3,Ideal,H,IF,61.2,56.0,764,4.36,4.37,2.67
31433,0.3,Ideal,H,IF,61.6,57.0,764,4.31,4.33,2.66
31434,0.3,Ideal,H,IF,62.1,57.0,764,4.29,4.31,2.67
31435,0.3,Ideal,H,IF,62.0,57.0,764,4.26,4.29,2.65
31436,0.3,Ideal,H,IF,62.0,55.0,764,4.33,4.35,2.69
31437,0.3,Ideal,H,IF,61.3,58.0,764,4.3,4.31,2.64
31553,0.31,Ideal,F,IF,59.7,60.0,766,4.4,4.44,2.64
31610,0.23,Very Good,H,IF,63.9,55.0,369,3.89,3.9,2.49
31665,0.26,Ideal,F,IF,60.9,55.0,768,4.15,4.23,2.55
31735,0.31,Ideal,H,IF,62.0,56.0,772,4.36,4.39,2.71
31736,0.31,Ideal,H,IF,61.4,57.0,772,4.36,4.39,2.68
31805,0.3,Very Good,G,IF,61.4,58.0,774,4.27,4.33,2.64
32005,0.41,Ideal,J,IF,62.1,54.0,777,4.78,4.81,2.98
32022,0.31,Very Good,H,IF,61.3,55.0,778,4.37,4.4,2.69
32028,0.35,Ideal,I,IF,62.7,55.0,778,4.51,4.55,2.84
32054,0.3,Good,F,IF,64.3,53.0,780,4.22,4.27,2.73
32115,0.32,Ideal,H,IF,61.9,54.2,783,4.38,4.42,2.72
32137,0.31,Ideal,G,IF,62.8,56.0,786,4.34,4.39,2.74
32149,0.28,Very Good,F,IF,59.8,56.0,787,4.27,4.29,2.56
32163,0.28,Ideal,F,IF,62.6,53.0,787,4.18,4.19,2.62
32164,0.28,Ideal,F,IF,61.4,57.0,787,4.22,4.25,2.6
32165,0.28,Ideal,F,IF,61.9,56.0,787,4.18,4.21,2.59
32171,0.33,Very Good,H,IF,62.9,58.0,787,4.38,4.43,2.77
32172,0.33,Very Good,H,IF,61.7,59.0,787,4.43,4.45,2.74
32242,0.31,Ideal,H,IF,61.3,56.0,789,4.37,4.41,2.69
32243,0.31,Ideal,H,IF,61.4,56.0,789,4.39,4.41,2.7
32244,0.31,Ideal,H,IF,61.3,56.0,789,4.39,4.42,2.7
32245,0.31,Ideal,H,IF,61.8,57.0,789,4.32,4.35,2.68
32246,0.31,Ideal,H,IF,62.0,54.0,789,4.38,4.4,2.72
32247,0.31,Ideal,H,IF,62.3,55.0,789,4.32,4.35,2.7
32248,0.31,Ideal,H,IF,61.2,56.0,789,4.36,4.4,2.68
32249,0.31,Ideal,H,IF,62.2,54.0,789,4.38,4.4,2.73
32250,0.31,Ideal,H,IF,62.2,54.0,789,4.38,4.4,2.73
32258,0.3,Ideal,H,IF,60.8,56.0,789,4.35,4.37,2.65
32264,0.3,Ideal,H,IF,61.5,56.0,789,4.31,4.34,2.66
32320,0.3,Premium,H,IF,60.4,60.0,789,4.3,4.34,2.61
32334,0.3,Very Good,H,IF,62.9,58.0,789,4.26,4.29,2.69
32342,0.3,Ideal,H,IF,61.8,55.0,789,4.3,4.31,2.66
32345,0.3,Ideal,H,IF,62.1,55.0,789,4.27,4.3,2.66
32465,0.3,Ideal,G,IF,62.6,56.0,794,4.29,4.32,2.69
32477,0.33,Very Good,H,IF,61.7,55.0,795,4.45,4.48,2.75
32493,0.32,Ideal,H,IF,61.6,56.0,796,4.4,4.43,2.72
32494,0.27,Ideal,F,IF,61.8,55.0,796,4.16,4.19,2.58
32495,0.3,Good,F,IF,58.8,61.0,796,4.35,4.39,2.57
32552,0.3,Ideal,G,IF,62.4,55.0,799,4.3,4.32,2.69
32584,0.31,Ideal,G,IF,62.0,54.0,801,4.35,4.39,2.71
32831,0.33,Ideal,H,IF,61.8,55.2,806,4.44,4.47,2.76
32864,0.35,Ideal,I,IF,61.8,53.0,808,4.55,4.57,2.81
32898,0.3,Very Good,I,IF,63.3,57.0,810,4.3,4.23,2.7
32899,0.3,Premium,I,IF,60.5,59.0,810,4.34,4.32,2.62
32900,0.3,Very Good,I,IF,63.3,56.0,810,4.26,4.21,2.68
33006,0.3,Ideal,G,IF,61.8,55.0,813,4.33,4.35,2.68
33010,0.31,Good,E,IF,64.2,60.0,813,4.22,4.28,2.73
33063,0.32,Ideal,H,IF,61.2,56.0,814,4.4,4.42,2.7
33064,0.32,Ideal,H,IF,61.8,55.0,814,4.42,4.45,2.74
33065,0.32,Ideal,H,IF,61.1,56.0,814,4.45,4.48,2.73
33066,0.32,Ideal,H,IF,61.2,57.0,814,4.41,4.44,2.71
33067,0.32,Ideal,H,IF,61.6,55.0,814,4.41,4.42,2.72
33068,0.32,Ideal,H,IF,62.6,54.0,814,4.38,4.4,2.75
33069,0.32,Ideal,H,IF,62.0,55.0,814,4.39,4.42,2.73
33070,0.32,Ideal,H,IF,61.6,54.0,814,4.41,4.49,2.74
33071,0.32,Ideal,H,IF,61.4,55.0,814,4.42,4.47,2.73
33072,0.32,Ideal,H,IF,62.2,54.0,814,4.37,4.41,2.73
33073,0.32,Ideal,H,IF,62.1,54.0,814,4.41,4.45,2.75
33087,0.29,Very Good,F,IF,59.9,56.0,815,4.35,4.37,2.61
33099,0.29,Ideal,E,IF,61.9,57.0,815,4.25,4.29,2.64
33119,0.31,Ideal,H,IF,60.0,57.0,816,4.39,4.41,2.64
33131,0.31,Ideal,H,IF,61.8,56.0,816,4.36,4.38,2.7
33144,0.31,Premium,H,IF,61.0,58.0,816,4.34,4.38,2.66
33158,0.31,Ideal,H,IF,62.1,54.0,816,4.33,4.37,2.7
33159,0.31,Premium,H,IF,61.7,58.0,816,4.33,4.36,2.68
33208,0.33,Ideal,H,IF,61.6,55.0,820,4.44,4.47,2.74
33210,0.27,Premium,F,IF,61.7,57.0,820,4.21,4.12,2.57
33215,0.31,Ideal,F,IF,62.3,57.0,821,4.25,4.29,2.66
33257,0.28,Ideal,F,IF,62.0,53.0,825,4.23,4.29,2.64
33268,0.3,Ideal,G,IF,62.6,54.0,826,4.3,4.33,2.7
33304,0.38,Very Good,J,IF,60.9,61.0,827,4.66,4.73,2.86
33359,0.41,Good,J,IF,63.5,54.0,827,4.7,4.75,3.0
33382,0.41,Good,J,IF,63.6,54.0,827,4.72,4.75,3.01
33402,0.28,Ideal,F,IF,62.4,55.0,828,4.2,4.17,2.61
33508,0.4,Very Good,J,IF,62.7,60.0,828,4.64,4.7,2.93
33509,0.4,Very Good,J,IF,62.2,61.0,828,4.68,4.71,2.92
33510,0.4,Ideal,J,IF,62.4,56.0,828,4.71,4.74,2.95
33512,0.4,Ideal,J,IF,62.6,56.0,828,4.71,4.75,2.96
33552,0.3,Ideal,G,IF,62.3,52.8,830,4.29,4.33,2.69
33553,0.3,Ideal,G,IF,62.0,54.4,830,4.3,4.32,2.67
33570,0.3,Very Good,G,IF,61.4,59.0,831,4.27,4.3,2.63
33585,0.35,Very Good,G,IF,62.1,56.0,833,4.54,4.57,2.82
33666,0.3,Very Good,G,IF,58.4,62.0,835,4.4,4.43,2.58
33681,0.31,Ideal,I,IF,62.2,54.0,837,4.39,4.36,2.72
33682,0.31,Ideal,I,IF,61.3,57.0,837,4.4,4.34,2.68
33688,0.33,Very Good,H,IF,61.2,56.0,838,4.46,4.5,2.74
33713,0.33,Ideal,H,IF,61.6,55.0,838,4.48,4.51,2.77
33714,0.33,Ideal,H,IF,61.1,56.0,838,4.47,4.5,2.74
33715,0.33,Ideal,H,IF,61.4,54.0,838,4.47,4.49,2.75
33716,0.33,Ideal,H,IF,62.1,54.0,838,4.44,4.48,2.77
33717,0.33,Ideal,H,IF,61.8,54.0,838,4.47,4.49,2.77
33718,0.33,Ideal,H,IF,62.0,55.0,838,4.46,4.48,2.77
33734,0.31,Ideal,G,IF,61.6,56.0,839,4.37,4.4,2.7
33757,0.31,Ideal,G,IF,61.5,57.0,840,4.35,4.37,2.68
33785,0.32,Premium,H,IF,61.2,58.0,842,4.37,4.39,2.68
33788,0.32,Ideal,H,IF,60.9,56.0,842,4.41,4.42,2.69
33841,0.34,Ideal,H,IF,61.6,55.0,844,4.51,4.55,2.78
33842,0.3,Ideal,G,IF,62.2,55.0,844,4.3,4.32,2.68
33843,0.3,Ideal,G,IF,61.0,56.0,844,4.34,4.37,2.65
33844,0.3,Ideal,G,IF,61.8,57.0,844,4.28,4.31,2.65
33975,0.3,Premium,F,IF,61.6,58.0,846,4.3,4.34,2.66
34034,0.3,Very Good,G,IF,62.3,55.0,850,4.31,4.33,2.69
34041,0.3,Ideal,G,IF,61.7,53.0,850,4.33,4.36,2.68
34042,0.3,Ideal,G,IF,62.2,56.0,850,4.26,4.29,2.66
34095,0.36,Ideal,I,IF,60.8,57.0,852,4.6,4.64,2.81
34110,0.33,Premium,G,IF,59.4,59.0,853,4.49,4.54,2.68
34122,0.31,Ideal,G,IF,61.6,54.0,853,4.36,4.4,2.7
34123,0.31,Ideal,G,IF,60.5,61.0,853,4.39,4.4,2.66
34284,0.26,Ideal,H,IF,61.1,57.0,468,4.12,4.16,2.53
34320,0.35,Ideal,H,IF,61.7,54.0,859,4.53,4.55,2.8
34328,0.33,Ideal,G,IF,62.7,56.0,861,4.39,4.44,2.77
34349,0.33,Ideal,I,IF,61.2,56.0,862,4.46,4.49,2.74
34357,0.3,Very Good,G,IF,62.6,56.0,863,4.27,4.29,2.68
34399,0.34,Ideal,H,IF,61.6,54.0,863,4.49,4.53,2.78
34400,0.34,Ideal,H,IF,61.9,53.0,863,4.5,4.52,2.79
34401,0.34,Ideal,H,IF,61.7,56.0,863,4.5,4.51,2.78
34402,0.34,Ideal,H,IF,62.0,53.0,863,4.49,4.51,2.79
34403,0.34,Ideal,H,IF,61.8,54.0,863,4.51,4.55,2.8
34404,0.34,Ideal,H,IF,61.7,55.0,863,4.5,4.54,2.79
34405,0.3,Ideal,G,IF,61.5,55.0,863,4.33,4.35,2.67
34406,0.3,Ideal,G,IF,61.6,53.0,863,4.32,4.35,2.67
34407,0.3,Ideal,G,IF,61.3,55.0,863,4.33,4.35,2.66
34408,0.3,Ideal,G,IF,62.1,55.0,863,4.32,4.35,2.69
34409,0.3,Ideal,G,IF,62.4,55.0,863,4.32,4.34,2.7
34410,0.3,Ideal,G,IF,62.3,56.0,863,4.31,4.32,2.69
34411,0.3,Ideal,G,IF,61.9,57.0,863,4.27,4.29,2.65
34412,0.3,Ideal,G,IF,62.4,54.0,863,4.31,4.34,2.7
34413,0.3,Ideal,G,IF,60.7,57.0,863,4.34,4.39,2.65
34414,0.3,Ideal,G,IF,62.0,55.0,863,4.33,4.35,2.69
34415,0.3,Ideal,G,IF,61.2,57.0,863,4.35,4.38,2.67
34416,0.3,Ideal,G,IF,62.0,54.0,863,4.33,4.35,2.69
34417,0.3,Ideal,G,IF,62.1,55.0,863,4.32,4.34,2.69
34418,0.3,Ideal,G,IF,60.9,58.0,863,4.32,4.35,2.64
34419,0.3,Ideal,G,IF,61.6,56.0,863,4.34,4.36,2.68
34420,0.3,Ideal,G,IF,61.8,55.0,863,4.32,4.36,2.68
34421,0.3,Ideal,G,IF,62.3,54.0,863,4.32,4.35,2.7
34422,0.3,Ideal,G,IF,62.1,55.0,863,4.32,4.35,2.69
34423,0.3,Ideal,G,IF,60.9,56.0,863,4.34,4.36,2.65
34424,0.3,Ideal,G,IF,61.5,56.0,863,4.32,4.36,2.67
34425,0.3,Ideal,G,IF,62.1,54.0,863,4.3,4.33,2.68
34426,0.3,Ideal,G,IF,62.3,56.0,863,4.29,4.32,2.68
34427,0.3,Ideal,G,IF,61.4,57.0,863,4.3,4.33,2.65
34428,0.3,Ideal,G,IF,62.2,55.0,863,4.31,4.34,2.69
34429,0.3,Ideal,G,IF,60.9,57.0,863,4.35,4.39,2.66
34430,0.3,Ideal,G,IF,62.1,53.0,863,4.3,4.33,2.68
34431,0.3,Ideal,G,IF,62.5,54.0,863,4.31,4.33,2.7
34432,0.3,Ideal,G,IF,62.3,55.0,863,4.3,4.33,2.69
34433,0.3,Ideal,G,IF,61.9,55.0,863,4.33,4.36,2.69
34434,0.3,Ideal,G,IF,61.0,57.0,863,4.31,4.34,2.64
34435,0.3,Ideal,G,IF,62.1,57.0,863,4.27,4.29,2.66
34450,0.32,Premium,I,IF,60.3,58.0,864,4.45,4.41,2.67
34451,0.32,Ideal,I,IF,60.8,54.0,864,4.47,4.44,2.71
34452,0.32,Premium,I,IF,61.9,59.0,864,4.39,4.37,2.71
34453,0.32,Ideal,I,IF,62.2,57.0,864,4.37,4.35,2.71
34455,0.36,Very Good,H,IF,62.3,56.0,865,4.55,4.58,2.85
34456,0.36,Very Good,H,IF,61.6,56.0,865,4.57,4.62,2.83
34457,0.36,Very Good,H,IF,60.8,57.0,865,4.58,4.6,2.79
34467,0.39,Ideal,I,IF,60.8,56.0,865,4.73,4.75,2.88
34508,0.33,Premium,H,IF,62.0,58.0,868,4.39,4.42,2.73
34512,0.33,Very Good,H,IF,60.3,59.0,868,4.47,4.49,2.7
34516,0.33,Ideal,H,IF,61.9,55.0,868,4.42,4.44,2.74
34521,0.33,Premium,H,IF,61.8,60.0,868,4.4,4.44,2.73
34537,0.33,Ideal,H,IF,62.1,55.0,868,4.41,4.44,2.75
34542,0.35,Ideal,H,IF,61.5,57.0,868,4.55,4.58,2.8
34569,0.31,Ideal,G,IF,61.0,55.0,871,4.39,4.42,2.69
34570,0.31,Ideal,G,IF,62.1,56.0,871,4.31,4.34,2.69
34571,0.31,Ideal,G,IF,62.5,56.0,871,4.33,4.37,2.71
34572,0.31,Ideal,G,IF,62.3,56.0,871,4.34,4.36,2.71
34573,0.31,Ideal,G,IF,61.9,56.0,871,4.33,4.35,2.68
34574,0.31,Ideal,G,IF,61.5,54.0,871,4.4,4.41,2.71
34575,0.31,Ideal,G,IF,61.1,57.0,871,4.38,4.42,2.68
34576,0.31,Ideal,G,IF,61.7,55.0,871,4.37,4.39,2.7
34577,0.31,Ideal,G,IF,60.7,58.0,871,4.37,4.41,2.67
34583,0.32,Very Good,G,IF,62.9,55.0,872,4.37,4.4,2.75
34686,0.3,Ideal,F,IF,59.4,60.0,873,4.37,4.39,2.6
34687,0.3,Ideal,F,IF,61.8,55.0,873,4.31,4.33,2.67
34688,0.3,Ideal,F,IF,61.3,55.0,873,4.32,4.36,2.66
34689,0.3,Ideal,F,IF,60.5,60.0,873,4.34,4.36,2.63
34690,0.3,Ideal,F,IF,60.4,60.0,873,4.32,4.35,2.62
34691,0.3,Ideal,F,IF,61.3,56.0,873,4.3,4.34,2.65
34692,0.3,Ideal,F,IF,59.8,58.0,873,4.37,4.46,2.64
34693,0.3,Ideal,F,IF,60.0,59.0,873,4.37,4.39,2.63
34694,0.3,Ideal,F,IF,61.7,56.0,873,4.31,4.35,2.67
34695,0.3,Ideal,F,IF,60.8,57.0,873,4.34,4.38,2.65
34696,0.3,Ideal,F,IF,60.9,57.0,873,4.35,4.38,2.66
34697,0.3,Ideal,F,IF,61.3,58.0,873,4.29,4.33,2.64
34702,0.31,Ideal,F,IF,62.2,56.0,874,4.31,4.34,2.69
34703,0.31,Ideal,F,IF,62.3,57.0,874,4.3,4.34,2.69
34704,0.31,Premium,F,IF,60.8,59.0,874,4.36,4.39,2.66
34705,0.31,Premium,F,IF,61.6,58.0,874,4.33,4.37,2.68
34800,0.36,Ideal,H,IF,62.2,54.1,877,4.57,4.6,2.86
34807,0.31,Very Good,G,IF,60.8,56.0,878,4.41,4.44,2.69
34882,0.34,Premium,G,IF,60.5,58.0,879,4.47,4.52,2.72
35042,0.32,Ideal,G,IF,62.3,54.0,883,4.39,4.4,2.74
35074,0.3,Very Good,F,IF,62.4,56.0,886,4.28,4.31,2.68
35075,0.3,Very Good,F,IF,62.0,58.0,886,4.28,4.3,2.66
35076,0.3,Very Good,F,IF,62.0,55.0,886,4.33,4.35,2.69
35077,0.3,Very Good,F,IF,62.6,55.0,886,4.3,4.32,2.7
35078,0.3,Very Good,F,IF,62.1,57.0,886,4.26,4.3,2.66
35079,0.3,Very Good,F,IF,62.5,56.0,886,4.27,4.3,2.68
35083,0.3,Ideal,F,IF,61.8,54.0,886,4.34,4.36,2.69
35084,0.3,Ideal,F,IF,62.0,58.0,886,4.25,4.3,2.65
35085,0.3,Ideal,F,IF,61.1,58.0,886,4.32,4.36,2.65
35086,0.3,Ideal,F,IF,61.8,58.0,886,4.27,4.3,2.65
35087,0.3,Ideal,F,IF,61.8,56.0,886,4.29,4.32,2.66
35088,0.3,Ideal,F,IF,62.4,56.0,886,4.26,4.3,2.67
35089,0.3,Ideal,F,IF,62.3,57.0,886,4.25,4.29,2.66
35090,0.3,Ideal,F,IF,62.1,57.0,886,4.29,4.31,2.67
35091,0.3,Ideal,F,IF,61.7,57.0,886,4.28,4.31,2.65
35092,0.3,Ideal,F,IF,61.4,57.0,886,4.34,4.36,2.67
35093,0.3,Ideal,F,IF,62.3,55.0,886,4.3,4.34,2.69
35094,0.3,Ideal,F,IF,62.3,57.0,886,4.29,4.31,2.68
35095,0.3,Ideal,F,IF,61.7,58.0,886,4.3,4.32,2.66
35096,0.3,Ideal,F,IF,62.1,54.0,886,4.32,4.35,2.69
35097,0.3,Ideal,F,IF,61.8,54.0,886,4.34,4.37,2.69
35098,0.3,Ideal,F,IF,62.2,56.0,886,4.31,4.34,2.69
35099,0.3,Ideal,F,IF,62.4,54.0,886,4.33,4.36,2.71
35100,0.3,Ideal,F,IF,61.4,56.0,886,4.32,4.34,2.66
35101,0.3,Ideal,F,IF,60.9,56.0,886,4.33,4.37,2.65
35102,0.3,Ideal,F,IF,61.6,58.0,886,4.28,4.32,2.65
35103,0.3,Ideal,F,IF,61.8,55.0,886,4.32,4.35,2.68
35104,0.3,Ideal,F,IF,62.2,57.0,886,4.3,4.32,2.68
35105,0.3,Ideal,F,IF,61.9,57.0,886,4.29,4.33,2.67
35106,0.3,Ideal,F,IF,62.5,54.0,886,4.31,4.33,2.7
35107,0.3,Ideal,F,IF,62.6,57.0,886,4.25,4.28,2.67
35108,0.3,Ideal,F,IF,62.1,57.0,886,4.27,4.3,2.66
35109,0.3,Ideal,F,IF,61.3,56.0,886,4.33,4.35,2.66
35110,0.3,Ideal,F,IF,62.1,55.0,886,4.32,4.35,2.69
35111,0.3,Ideal,F,IF,62.1,55.0,886,4.31,4.35,2.69
35112,0.3,Ideal,F,IF,62.0,56.0,886,4.31,4.33,2.68
35113,0.3,Ideal,F,IF,62.3,53.0,886,4.34,4.36,2.71
35114,0.3,Ideal,F,IF,62.4,58.0,886,4.25,4.28,2.66
35115,0.3,Ideal,F,IF,61.8,56.0,886,4.31,4.33,2.67
35116,0.3,Ideal,F,IF,62.3,55.0,886,4.29,4.31,2.68
35117,0.3,Ideal,F,IF,62.2,53.0,886,4.34,4.38,2.71
35118,0.38,Good,I,IF,56.6,59.0,886,4.82,4.87,2.74
35125,0.35,Ideal,H,IF,62.1,54.0,887,4.55,4.59,2.84
35131,0.31,Ideal,F,IF,60.8,56.0,888,4.43,4.45,2.7
35146,0.43,Ideal,J,IF,62.4,56.0,890,4.84,4.87,3.03
35156,0.31,Very Good,G,IF,61.6,54.0,891,4.4,4.43,2.72
35158,0.32,Premium,G,IF,59.4,60.0,891,4.45,4.47,2.65
35159,0.32,Premium,G,IF,61.0,59.0,891,4.38,4.41,2.68
35166,0.31,Ideal,G,IF,61.4,55.0,891,4.35,4.38,2.68
35167,0.31,Ideal,G,IF,61.4,55.0,891,4.36,4.4,2.69
35168,0.31,Ideal,G,IF,62.2,55.0,891,4.35,4.4,2.72
35169,0.31,Ideal,G,IF,61.9,55.0,891,4.35,4.38,2.7
35170,0.31,Ideal,G,IF,61.6,56.0,891,4.38,4.42,2.71
35171,0.31,Ideal,G,IF,61.0,56.0,891,4.38,4.41,2.68
35172,0.31,Ideal,G,IF,61.3,54.0,891,4.38,4.4,2.69
35173,0.31,Ideal,G,IF,61.4,56.0,891,4.38,4.41,2.7
35174,0.31,Ideal,G,IF,62.6,53.0,891,4.36,4.39,2.74
35175,0.31,Ideal,G,IF,61.8,56.0,891,4.33,4.37,2.69
35176,0.31,Ideal,G,IF,61.9,54.0,891,4.35,4.37,2.7
35177,0.31,Ideal,G,IF,61.8,55.0,891,4.35,4.39,2.7
35178,0.31,Ideal,G,IF,61.8,54.0,891,4.36,4.38,2.7
35179,0.31,Ideal,G,IF,61.9,54.0,891,4.35,4.38,2.7
35180,0.31,Ideal,G,IF,61.0,57.0,891,4.4,4.42,2.69
35181,0.31,Ideal,G,IF,61.7,56.0,891,4.34,4.38,2.69
35182,0.31,Ideal,G,IF,62.0,54.0,891,4.36,4.38,2.71
35183,0.31,Ideal,G,IF,61.7,55.0,891,4.36,4.39,2.7
35184,0.31,Ideal,G,IF,61.6,55.0,891,4.37,4.39,2.7
35185,0.31,Ideal,G,IF,61.3,56.0,891,4.38,4.4,2.69
35186,0.31,Ideal,G,IF,62.1,54.0,891,4.36,4.37,2.71
35187,0.31,Ideal,G,IF,61.3,57.0,891,4.39,4.42,2.7
35188,0.31,Ideal,G,IF,62.1,54.0,891,4.38,4.41,2.73
35189,0.31,Ideal,G,IF,60.2,59.0,891,4.37,4.4,2.64
35190,0.31,Ideal,G,IF,61.9,53.0,891,4.36,4.39,2.71
35191,0.31,Ideal,G,IF,61.7,54.0,891,4.38,4.4,2.71
35192,0.31,Ideal,G,IF,62.1,54.0,891,4.35,4.38,2.71
35193,0.31,Ideal,G,IF,61.0,57.0,891,4.36,4.39,2.67
35194,0.31,Ideal,G,IF,61.6,55.0,891,4.35,4.38,2.69
35195,0.31,Ideal,G,IF,61.2,56.0,891,4.36,4.4,2.68
35196,0.31,Ideal,G,IF,61.2,55.0,891,4.4,4.42,2.7
35197,0.31,Ideal,G,IF,62.1,54.0,891,4.37,4.39,2.72
35201,0.33,Ideal,I,IF,61.8,55.0,891,4.47,4.46,2.76
35202,0.33,Ideal,I,IF,62.1,55.0,891,4.44,4.41,2.75
35206,0.33,Premium,I,IF,62.0,58.0,891,4.46,4.44,2.76
35207,0.33,Ideal,I,IF,61.6,55.0,891,4.47,4.46,2.75
35208,0.33,Premium,I,IF,59.0,61.0,891,4.56,4.49,2.67
35209,0.33,Premium,I,IF,62.1,58.0,891,4.43,4.39,2.74
35210,0.33,Ideal,I,IF,62.2,56.0,891,4.45,4.42,2.76
35211,0.33,Ideal,I,IF,61.4,56.0,891,4.45,4.41,2.72
35212,0.35,Very Good,G,IF,62.1,54.0,892,4.53,4.57,2.82
35216,0.3,Ideal,F,IF,60.8,56.0,892,4.35,4.36,2.65
35217,0.3,Ideal,F,IF,60.9,56.0,892,4.32,4.35,2.64
35228,0.27,Ideal,D,IF,62.4,56.0,893,4.15,4.12,2.58
35248,0.3,Very Good,G,IF,62.9,58.0,895,4.21,4.25,2.66
35251,0.3,Very Good,G,IF,62.8,57.0,895,4.27,4.3,2.69
35252,0.3,Very Good,G,IF,63.0,53.0,895,4.24,4.3,2.69
35254,0.3,Good,G,IF,63.5,55.0,895,4.26,4.28,2.71
35255,0.3,Very Good,G,IF,61.0,62.0,895,4.32,4.34,2.64
35258,0.3,Ideal,G,IF,62.1,55.0,895,4.31,4.35,2.69
35260,0.3,Premium,G,IF,60.0,59.0,895,4.32,4.34,2.6
35261,0.3,Ideal,G,IF,62.6,57.0,895,4.28,4.32,2.69
35262,0.3,Good,G,IF,63.8,55.0,895,4.24,4.28,2.72
35265,0.3,Ideal,G,IF,61.7,55.0,895,4.31,4.34,2.67
35266,0.3,Ideal,G,IF,60.9,57.0,895,4.29,4.32,2.62
35267,0.3,Premium,G,IF,61.6,60.0,895,4.29,4.32,2.65
35268,0.3,Very Good,G,IF,62.8,57.0,895,4.28,4.32,2.7
35271,0.3,Ideal,G,IF,61.4,57.0,895,4.33,4.37,2.67
35272,0.3,Ideal,G,IF,62.0,56.0,895,4.3,4.31,2.67
35273,0.3,Premium,G,IF,60.2,58.0,895,4.35,4.39,2.63
35279,0.39,Ideal,I,IF,62.3,54.0,895,4.69,4.71,2.93
35319,0.33,Very Good,F,IF,58.7,55.0,897,4.56,4.6,2.69
35325,0.35,Very Good,G,IF,62.6,59.0,898,4.43,4.49,2.79
35326,0.33,Very Good,G,IF,62.6,55.0,898,4.41,4.44,2.77
35336,0.32,Ideal,G,IF,61.7,57.0,898,4.39,4.42,2.72
35337,0.32,Ideal,G,IF,61.4,55.0,898,4.42,4.44,2.72
35338,0.32,Ideal,G,IF,61.8,55.0,898,4.38,4.42,2.72
35461,0.31,Ideal,F,IF,60.1,59.0,901,4.38,4.41,2.64
35462,0.31,Ideal,F,IF,61.1,55.0,901,4.41,4.43,2.7
35463,0.31,Ideal,F,IF,61.2,56.0,901,4.38,4.41,2.69
35464,0.31,Ideal,F,IF,61.6,56.0,901,4.35,4.38,2.69
35465,0.31,Ideal,F,IF,61.7,56.0,901,4.34,4.38,2.69
35466,0.31,Ideal,F,IF,61.9,54.0,901,4.38,4.41,2.72
35467,0.31,Ideal,F,IF,62.0,55.0,901,4.37,4.41,2.72
35468,0.31,Ideal,F,IF,61.7,56.0,901,4.38,4.41,2.71
35469,0.31,Ideal,F,IF,60.7,56.0,901,4.42,4.45,2.69
35530,0.32,Ideal,G,IF,61.5,55.0,905,4.4,4.42,2.71
35531,0.32,Ideal,G,IF,61.3,56.0,905,4.4,4.44,2.71
35685,0.35,Ideal,G,IF,61.3,56.0,910,4.51,4.53,2.77
35787,0.36,Ideal,H,IF,61.6,56.0,912,4.56,4.59,2.82
35788,0.31,Good,E,IF,57.7,55.0,912,4.51,4.6,2.63
35796,0.34,Ideal,H,IF,61.9,55.0,913,4.5,4.55,2.8
35799,0.31,Very Good,F,IF,61.2,55.0,914,4.37,4.39,2.68
35800,0.31,Very Good,F,IF,61.4,55.0,914,4.39,4.41,2.7
35801,0.31,Very Good,F,IF,61.9,54.0,914,4.36,4.39,2.71
35802,0.31,Premium,F,IF,61.9,58.0,914,4.36,4.39,2.71
35805,0.31,Ideal,F,IF,61.2,56.0,914,4.37,4.39,2.68
35806,0.31,Ideal,F,IF,61.3,57.0,914,4.34,4.37,2.67
35807,0.31,Ideal,F,IF,61.9,54.0,914,4.35,4.38,2.7
35808,0.31,Ideal,F,IF,62.1,54.0,914,4.33,4.37,2.7
35809,0.31,Ideal,F,IF,61.2,57.0,914,4.35,4.38,2.67
35810,0.31,Ideal,F,IF,61.1,57.0,914,4.37,4.4,2.68
35811,0.31,Ideal,F,IF,62.2,55.0,914,4.35,4.37,2.71
35812,0.31,Ideal,F,IF,62.0,54.0,914,4.38,4.4,2.72
35813,0.31,Ideal,F,IF,62.3,54.0,914,4.33,4.37,2.71
35814,0.31,Ideal,F,IF,61.3,55.0,914,4.38,4.43,2.7
35815,0.31,Ideal,F,IF,62.1,54.0,914,4.38,4.41,2.73
35816,0.31,Ideal,F,IF,62.3,54.0,914,4.37,4.39,2.73
35817,0.31,Ideal,F,IF,62.3,53.0,914,4.35,4.38,2.72
35818,0.31,Ideal,F,IF,62.1,55.0,914,4.32,4.38,2.7
35819,0.31,Ideal,F,IF,61.0,56.0,914,4.39,4.43,2.69
35820,0.31,Ideal,F,IF,62.1,54.0,914,4.36,4.4,2.72
35821,0.31,Ideal,F,IF,62.0,55.0,914,4.36,4.38,2.71
35822,0.31,Ideal,F,IF,60.9,56.0,914,4.37,4.4,2.67
35823,0.31,Ideal,F,IF,62.2,54.0,914,4.37,4.41,2.73
35834,0.32,Ideal,F,IF,61.9,55.0,915,4.38,4.44,2.73
35842,0.34,Very Good,G,IF,59.4,56.0,917,4.59,4.63,2.74
35863,0.4,Ideal,I,IF,62.4,54.0,917,4.73,4.75,2.96
35865,0.34,Good,F,IF,59.0,61.0,917,4.59,4.63,2.72
35869,0.32,Very Good,G,IF,62.1,53.0,918,4.4,4.45,2.75
35877,0.32,Ideal,G,IF,61.6,55.0,918,4.42,4.45,2.73
35878,0.32,Ideal,G,IF,61.9,54.0,918,4.4,4.42,2.73
35879,0.32,Ideal,G,IF,61.0,56.0,918,4.41,4.44,2.7
35880,0.32,Ideal,G,IF,62.1,53.0,918,4.41,4.44,2.75
35881,0.32,Ideal,G,IF,61.3,55.0,918,4.43,4.47,2.73
35882,0.32,Ideal,G,IF,62.3,53.0,918,4.41,4.45,2.76
35883,0.32,Ideal,G,IF,61.0,56.0,918,4.43,4.45,2.71
35884,0.32,Ideal,G,IF,61.0,57.0,918,4.41,4.44,2.7
35885,0.32,Ideal,G,IF,61.7,56.0,918,4.39,4.42,2.72
35886,0.32,Ideal,G,IF,61.2,56.0,918,4.4,4.43,2.7
35887,0.32,Ideal,G,IF,61.6,55.0,918,4.4,4.43,2.72
35888,0.32,Ideal,G,IF,61.1,57.0,918,4.41,4.43,2.7
35889,0.32,Ideal,G,IF,61.4,55.0,918,4.42,4.44,2.72
35890,0.32,Ideal,G,IF,61.7,54.0,918,4.39,4.42,2.72
35891,0.32,Ideal,G,IF,61.3,56.0,918,4.4,4.44,2.71
35892,0.32,Ideal,G,IF,61.0,57.0,918,4.44,4.48,2.72
35893,0.32,Ideal,G,IF,61.8,55.0,918,4.42,4.45,2.74
35894,0.32,Ideal,G,IF,60.9,57.0,918,4.41,4.46,2.7
35895,0.32,Ideal,G,IF,61.7,54.0,918,4.42,4.46,2.74
35896,0.32,Ideal,G,IF,62.2,54.0,918,4.42,4.45,2.76
35897,0.32,Ideal,G,IF,61.2,55.0,918,4.41,4.44,2.71
35898,0.32,Ideal,G,IF,62.1,55.0,918,4.4,4.46,2.75
35899,0.32,Ideal,G,IF,61.3,54.0,918,4.41,4.47,2.72
35900,0.32,Ideal,G,IF,61.9,55.0,918,4.38,4.44,2.73
35901,0.32,Ideal,G,IF,62.0,54.0,918,4.42,4.45,2.75
35902,0.32,Ideal,G,IF,61.9,53.0,918,4.42,4.47,2.75
35903,0.32,Ideal,G,IF,62.2,53.0,918,4.41,4.43,2.75
35904,0.32,Ideal,G,IF,61.5,55.0,918,4.43,4.45,2.73
35905,0.32,Ideal,G,IF,61.8,55.0,918,4.41,4.43,2.73
35973,0.32,Very Good,F,IF,61.7,55.0,921,4.4,4.41,2.72
35979,0.35,Ideal,H,IF,61.7,56.0,921,4.53,4.55,2.8
35984,0.35,Ideal,H,IF,61.9,55.0,921,4.51,4.54,2.8
35995,0.35,Ideal,H,IF,60.5,56.0,921,4.56,4.59,2.77
36005,0.31,Ideal,F,IF,62.2,55.0,921,4.35,4.38,2.71
36006,0.31,Ideal,F,IF,62.3,54.0,921,4.33,4.34,2.7
36007,0.31,Ideal,F,IF,61.2,56.0,921,4.37,4.42,2.69
36008,0.31,Ideal,F,IF,61.1,54.0,921,4.39,4.42,2.69
36045,0.34,Very Good,G,IF,61.0,56.0,924,4.5,4.54,2.76
36046,0.31,Ideal,G,IF,62.7,57.0,924,4.31,4.34,2.71
36049,0.31,Very Good,G,IF,61.6,55.0,924,4.38,4.42,2.71
36050,0.31,Ideal,G,IF,61.7,56.0,924,4.34,4.38,2.69
36052,0.31,Premium,G,IF,61.4,59.0,924,4.34,4.39,2.68
36054,0.31,Good,G,IF,63.9,58.0,924,4.27,4.3,2.74
36055,0.31,Ideal,G,IF,61.9,56.0,924,4.36,4.39,2.71
36056,0.31,Premium,G,IF,61.0,59.0,924,4.33,4.36,2.65
36057,0.31,Very Good,G,IF,61.7,54.0,924,4.33,4.36,2.68
36058,0.31,Ideal,G,IF,61.0,56.0,924,4.37,4.39,2.67
36059,0.31,Ideal,G,IF,62.6,57.0,924,4.3,4.32,2.7
36060,0.31,Ideal,G,IF,61.0,56.0,924,4.37,4.38,2.67
36062,0.31,Ideal,G,IF,61.6,55.0,924,4.34,4.39,2.69
36081,0.33,Ideal,G,IF,61.0,56.0,925,4.48,4.51,2.74
36082,0.33,Ideal,G,IF,61.0,57.0,925,4.45,4.48,2.72
36083,0.33,Ideal,G,IF,61.9,56.0,925,4.43,4.47,2.75
36103,0.37,Ideal,G,IF,60.5,56.0,926,4.66,4.7,2.83
36167,0.32,Ideal,F,IF,61.3,57.0,929,4.4,4.44,2.71
36168,0.32,Ideal,F,IF,60.9,57.0,929,4.4,4.44,2.69
36169,0.32,Ideal,F,IF,61.7,55.0,929,4.4,4.42,2.72
36170,0.32,Ideal,F,IF,60.3,58.0,929,4.45,4.5,2.7
36171,0.32,Ideal,F,IF,61.9,54.0,929,4.43,4.46,2.75
36172,0.32,Ideal,F,IF,61.6,56.0,929,4.43,4.47,2.74
36176,0.3,Very Good,E,IF,62.8,54.0,930,4.3,4.33,2.71
36180,0.41,Ideal,I,IF,61.8,55.0,930,4.77,4.81,2.96
36200,0.35,Ideal,H,IF,60.8,56.0,931,4.61,4.63,2.81
36263,0.37,Ideal,H,IF,61.4,55.0,936,4.63,4.66,2.85
36264,0.37,Ideal,H,IF,61.8,55.0,936,4.65,4.67,2.88
36265,0.37,Ideal,H,IF,61.7,53.0,936,4.66,4.68,2.88
36346,0.42,Very Good,I,IF,60.1,58.0,938,4.83,4.88,2.92
36347,0.31,Very Good,E,IF,63.0,55.0,938,4.33,4.37,2.74
36368,0.34,Premium,G,IF,60.5,58.0,939,4.52,4.47,2.72
36373,0.32,Ideal,G,IF,61.9,56.0,940,4.39,4.46,2.74
36378,0.34,Ideal,F,IF,62.2,55.0,941,4.47,4.5,2.79
36482,0.32,Ideal,F,IF,60.9,57.0,943,4.42,4.45,2.7
36483,0.32,Ideal,F,IF,61.3,57.0,943,4.42,4.46,2.72
36484,0.32,Ideal,F,IF,60.9,57.0,943,4.41,4.43,2.69
36485,0.32,Ideal,F,IF,62.5,54.0,943,4.38,4.42,2.75
36486,0.32,Ideal,F,IF,61.8,54.0,943,4.44,4.46,2.75
36487,0.32,Ideal,F,IF,62.2,54.0,943,4.4,4.44,2.75
36488,0.3,Ideal,E,IF,62.0,54.0,943,4.31,4.34,2.68
36489,0.3,Ideal,E,IF,62.6,53.0,943,4.29,4.33,2.7
36490,0.3,Ideal,E,IF,61.7,55.0,943,4.31,4.34,2.67
36494,0.31,Very Good,E,IF,60.6,60.0,944,4.4,4.44,2.68
36498,0.32,Ideal,E,IF,62.0,55.0,944,4.37,4.41,2.72
36513,0.4,Good,I,IF,62.3,62.0,945,4.69,4.72,2.93
36563,0.35,Ideal,I,IF,62.5,55.0,945,4.54,4.52,2.83
36581,0.33,Ideal,G,IF,61.5,55.0,946,4.48,4.5,2.76
36582,0.33,Ideal,G,IF,61.2,56.0,946,4.47,4.51,2.75
36583,0.33,Ideal,G,IF,61.7,56.0,946,4.47,4.51,2.77
36584,0.33,Ideal,G,IF,61.8,54.0,946,4.47,4.49,2.77
36585,0.33,Ideal,G,IF,61.9,55.0,946,4.44,4.45,2.75
36586,0.33,Ideal,G,IF,60.9,57.0,946,4.45,4.48,2.72
36587,0.33,Ideal,G,IF,61.3,55.0,946,4.49,4.51,2.76
36588,0.33,Ideal,G,IF,61.0,56.0,946,4.48,4.5,2.74
36589,0.33,Ideal,G,IF,61.7,55.0,946,4.47,4.48,2.76
36590,0.33,Ideal,G,IF,61.0,55.0,946,4.49,4.52,2.75
36593,0.3,Premium,F,IF,60.7,58.0,947,4.33,4.37,2.64
36594,0.3,Ideal,F,IF,61.1,57.0,947,4.35,4.39,2.67
36595,0.3,Ideal,F,IF,62.0,56.0,947,4.3,4.34,2.68
36596,0.3,Premium,F,IF,61.6,58.0,947,4.32,4.35,2.67
36597,0.36,Ideal,H,IF,61.9,57.0,947,4.55,4.6,2.83
36654,0.3,Very Good,E,IF,60.9,59.0,949,4.29,4.32,2.62
36668,0.32,Ideal,F,IF,60.9,56.0,949,4.42,4.44,2.7
36669,0.32,Ideal,F,IF,61.2,57.0,949,4.4,4.42,2.7
36671,0.31,Premium,H,IF,60.8,59.0,949,4.39,4.36,2.66
36697,0.34,Ideal,G,IF,61.1,57.0,952,4.47,4.51,2.75
36698,0.34,Ideal,G,IF,61.5,56.0,952,4.52,4.54,2.79
36701,0.43,Ideal,J,IF,62.4,56.0,952,4.87,4.84,3.03
36703,0.32,Premium,G,IF,59.4,60.0,952,4.47,4.45,2.65
36704,0.32,Premium,G,IF,61.0,59.0,952,4.41,4.38,2.68
36710,0.41,Ideal,I,IF,61.1,57.0,953,4.78,4.81,2.93
36723,0.32,Very Good,G,IF,62.4,55.0,954,4.4,4.42,2.75
36726,0.32,Very Good,G,IF,62.9,55.0,954,4.37,4.41,2.76
36727,0.32,Premium,G,IF,59.9,58.0,954,4.42,4.43,2.65
36728,0.32,Very Good,G,IF,61.8,55.0,954,4.39,4.45,2.73
36731,0.32,Premium,G,IF,59.4,59.0,954,4.48,4.51,2.67
36732,0.32,Ideal,G,IF,60.5,57.0,954,4.42,4.44,2.68
36734,0.32,Ideal,G,IF,61.8,55.0,954,4.41,4.43,2.73
36737,0.32,Ideal,G,IF,61.2,57.0,954,4.4,4.43,2.7
36738,0.32,Premium,G,IF,62.0,60.0,954,4.37,4.41,2.72
36740,0.32,Ideal,G,IF,60.9,56.0,954,4.41,4.43,2.69
36775,0.3,Ideal,G,IF,62.0,56.0,956,4.31,4.3,2.67
36800,0.3,Premium,G,IF,60.0,59.0,956,4.34,4.32,2.6
36801,0.3,Premium,G,IF,61.0,62.0,956,4.34,4.32,2.64
36802,0.3,Ideal,G,IF,61.4,57.0,956,4.37,4.33,2.67
36803,0.3,Premium,G,IF,60.2,58.0,956,4.39,4.35,2.63
36804,0.3,Ideal,G,IF,62.1,55.0,956,4.35,4.31,2.69
36805,0.3,Ideal,G,IF,62.8,57.0,956,4.32,4.28,2.7
36806,0.3,Ideal,G,IF,60.9,57.0,956,4.32,4.29,2.62
36807,0.3,Premium,G,IF,61.6,60.0,956,4.32,4.29,2.65
36808,0.3,Ideal,G,IF,61.7,55.0,956,4.34,4.31,2.67
36809,0.3,Ideal,G,IF,62.8,57.0,956,4.3,4.27,2.69
36810,0.3,Ideal,G,IF,62.6,57.0,956,4.32,4.28,2.69
36811,0.3,Premium,G,IF,62.9,58.0,956,4.25,4.21,2.66
36812,0.3,Good,G,IF,63.8,55.0,956,4.28,4.24,2.72
36813,0.3,Ideal,G,IF,63.0,53.0,956,4.3,4.24,2.69
36814,0.3,Very Good,G,IF,63.5,55.0,956,4.28,4.26,2.71
36822,0.33,Very Good,E,IF,61.8,55.0,957,4.47,4.52,2.78
36823,0.3,Very Good,E,IF,61.8,54.0,957,4.34,4.37,2.69
36828,0.33,Ideal,F,IF,62.2,53.0,957,4.46,4.48,2.78
36829,0.33,Ideal,F,IF,61.2,56.0,957,4.48,4.5,2.75
36830,0.3,Ideal,E,IF,61.3,58.0,957,4.28,4.33,2.64
36831,0.3,Ideal,E,IF,61.1,57.0,957,4.31,4.33,2.64
36832,0.3,Ideal,E,IF,61.2,58.0,957,4.31,4.38,2.66
36833,0.3,Ideal,E,IF,62.2,55.0,957,4.32,4.36,2.7
36855,0.31,Very Good,E,IF,61.6,54.0,958,4.38,4.42,2.71
36881,0.32,Ideal,F,IF,61.2,57.0,958,4.44,4.45,2.72
36882,0.31,Ideal,E,IF,62.2,53.0,958,4.35,4.4,2.72
36887,0.35,Ideal,G,IF,60.7,57.0,959,4.59,4.61,2.79
36888,0.35,Ideal,G,IF,60.2,57.0,959,4.6,4.64,2.78
36895,0.33,Ideal,H,IF,61.0,55.0,959,4.5,4.49,2.74
36896,0.33,Ideal,H,IF,60.5,56.0,959,4.54,4.52,2.74
36897,0.33,Ideal,H,IF,60.6,57.0,959,4.51,4.5,2.73
36908,0.42,Ideal,I,IF,62.1,54.0,961,4.82,4.84,3.0
36909,0.42,Ideal,I,IF,61.7,55.0,961,4.83,4.86,2.99
36910,0.42,Ideal,I,IF,62.0,54.0,961,4.82,4.85,3.0
37049,0.32,Premium,E,IF,60.0,61.0,967,4.5,4.46,2.69
37054,0.33,Ideal,G,IF,61.7,58.0,968,4.42,4.46,2.74
37136,0.33,Ideal,F,IF,62.2,53.0,971,4.47,4.5,2.79
37137,0.33,Ideal,F,IF,61.3,55.0,971,4.48,4.49,2.75
37153,0.36,Premium,I,IF,59.9,59.0,972,4.63,4.58,2.76
37198,0.35,Ideal,G,IF,61.8,56.0,974,4.52,4.57,2.81
37202,0.34,Ideal,G,IF,61.2,56.0,974,4.53,4.55,2.78
37203,0.34,Ideal,G,IF,62.1,54.0,974,4.48,4.5,2.79
37204,0.34,Ideal,G,IF,61.4,56.0,974,4.5,4.53,2.77
37205,0.34,Ideal,G,IF,61.9,54.0,974,4.51,4.53,2.8
37206,0.34,Ideal,G,IF,61.5,55.0,974,4.51,4.53,2.78
37207,0.34,Ideal,G,IF,61.0,55.0,974,4.51,4.54,2.76
37208,0.34,Ideal,G,IF,61.3,56.0,974,4.52,4.55,2.78
37209,0.34,Ideal,G,IF,61.9,54.0,974,4.5,4.52,2.79
37210,0.34,Ideal,G,IF,60.9,56.0,974,4.5,4.53,2.75
37211,0.34,Ideal,G,IF,61.9,55.0,974,4.51,4.54,2.8
37212,0.34,Ideal,G,IF,62.2,53.0,974,4.49,4.52,2.8
37213,0.34,Ideal,G,IF,61.6,54.0,974,4.49,4.53,2.78
37214,0.34,Ideal,G,IF,61.3,55.0,974,4.53,4.57,2.79
37215,0.34,Ideal,G,IF,60.7,57.0,974,4.51,4.55,2.75
37255,0.31,Ideal,H,IF,60.8,57.0,977,4.4,4.38,2.67
37258,0.31,Premium,H,IF,60.4,58.0,977,4.43,4.41,2.67
37259,0.31,Premium,F,IF,61.9,58.0,977,4.39,4.36,2.71
37301,0.33,Ideal,F,IF,61.8,56.0,978,4.42,4.46,2.74
37305,0.31,Ideal,F,IF,62.0,56.0,979,4.32,4.36,2.69
37306,0.31,Ideal,F,IF,62.1,56.0,979,4.33,4.36,2.7
37307,0.31,Ideal,F,IF,61.8,54.0,979,4.33,4.37,2.69
37308,0.31,Ideal,F,IF,62.2,56.0,979,4.31,4.34,2.69
37309,0.31,Ideal,F,IF,62.1,55.0,979,4.34,4.35,2.7
37310,0.31,Premium,F,IF,61.5,58.0,979,4.33,4.35,2.67
37318,0.35,Ideal,G,IF,62.6,57.0,979,4.51,4.53,2.82
37319,0.35,Ideal,G,IF,60.2,55.0,979,4.63,4.64,2.79
37320,0.35,Ideal,G,IF,61.2,57.0,979,4.54,4.57,2.79
37321,0.32,Premium,H,IF,61.8,58.0,979,4.39,4.35,2.7
37325,0.36,Ideal,H,IF,60.6,56.0,980,4.64,4.66,2.82
37376,0.4,Ideal,I,IF,62.4,56.0,982,4.7,4.73,2.94
37383,0.4,Ideal,I,IF,62.2,56.0,982,4.71,4.75,2.94
37422,0.33,Ideal,G,IF,61.8,55.0,984,4.45,4.48,2.76
37425,0.33,Ideal,G,IF,61.3,57.0,984,4.42,4.46,2.72
37426,0.33,Ideal,G,IF,61.6,56.0,984,4.45,4.48,2.75
37429,0.33,Ideal,G,IF,61.6,53.0,984,4.43,4.47,2.74
37431,0.33,Ideal,G,IF,61.6,55.0,984,4.48,4.51,2.77
37432,0.33,Premium,G,IF,60.8,58.0,984,4.42,4.46,2.7
37433,0.33,Good,G,IF,57.9,60.0,984,4.55,4.57,2.64
37435,0.33,Ideal,G,IF,62.2,56.0,984,4.43,4.45,2.76
37436,0.33,Ideal,G,IF,61.7,55.0,984,4.45,4.47,2.75
37438,0.33,Ideal,G,IF,62.1,56.0,984,4.41,4.44,2.75
37441,0.33,Ideal,G,IF,61.9,54.0,984,4.42,4.46,2.75
37449,0.34,Ideal,G,IF,62.2,56.0,984,4.45,4.46,2.77
37450,0.32,Ideal,F,IF,61.1,55.0,984,4.47,4.44,2.72
37477,0.35,Ideal,H,IF,61.7,56.0,984,4.55,4.53,2.8
37478,0.35,Ideal,H,IF,60.5,56.0,984,4.59,4.56,2.77
37479,0.35,Ideal,H,IF,61.9,55.0,984,4.54,4.51,2.8
37501,0.3,Premium,E,IF,61.9,61.0,984,4.32,4.27,2.66
37508,0.36,Ideal,G,IF,61.5,56.0,985,4.59,4.62,2.83
37509,0.36,Ideal,G,IF,61.7,56.0,985,4.57,4.6,2.83
37510,0.34,Ideal,F,IF,62.3,54.0,985,4.48,4.51,2.8
37520,0.31,Very Good,E,IF,58.1,60.0,987,4.45,4.5,2.6
37526,0.31,Ideal,E,IF,61.9,54.0,987,4.38,4.41,2.72
37527,0.31,Ideal,E,IF,62.2,54.0,987,4.33,4.35,2.7
37528,0.31,Ideal,E,IF,60.9,55.0,987,4.39,4.41,2.68
37533,0.38,Very Good,I,IF,59.5,57.0,988,4.72,4.76,2.82
37554,0.31,Ideal,G,IF,61.9,56.0,988,4.39,4.36,2.71
37555,0.31,Ideal,G,IF,61.0,56.0,988,4.38,4.37,2.67
37556,0.31,Ideal,G,IF,61.0,56.0,988,4.39,4.37,2.67
37557,0.31,Premium,G,IF,61.6,55.0,988,4.42,4.38,2.71
37558,0.31,Ideal,G,IF,61.6,55.0,988,4.39,4.34,2.69
37559,0.31,Premium,G,IF,61.4,59.0,988,4.39,4.34,2.68
37560,0.31,Premium,G,IF,61.0,59.0,988,4.36,4.33,2.65
37561,0.31,Premium,G,IF,61.7,54.0,988,4.36,4.33,2.68
37562,0.31,Ideal,G,IF,61.7,56.0,988,4.38,4.34,2.69
37563,0.31,Good,G,IF,63.9,58.0,988,4.3,4.27,2.74
37564,0.31,Ideal,G,IF,62.6,57.0,988,4.32,4.3,2.7
37565,0.31,Ideal,G,IF,62.7,57.0,988,4.34,4.31,2.71
37566,0.34,Ideal,H,IF,60.8,56.0,988,4.56,4.55,2.77
37576,0.32,Ideal,F,IF,60.7,56.0,990,4.43,4.46,2.7
37653,0.33,Ideal,G,IF,61.5,56.0,992,4.46,4.48,2.75
37705,0.37,Very Good,F,IF,60.4,57.0,995,4.65,4.68,2.81
37748,0.43,Very Good,I,IF,61.0,56.0,998,4.9,4.93,3.0
37760,0.34,Very Good,F,IF,61.1,54.0,999,4.54,4.56,2.78
37762,0.34,Ideal,F,IF,61.8,55.0,999,4.49,4.51,2.78
37804,0.35,Very Good,G,IF,60.5,56.0,1001,4.56,4.6,2.77
37807,0.35,Ideal,G,IF,62.0,54.0,1001,4.54,4.56,2.82
37808,0.35,Ideal,G,IF,61.7,55.0,1001,4.52,4.55,2.8
37809,0.35,Ideal,G,IF,61.5,55.0,1001,4.53,4.57,2.8
37810,0.35,Ideal,G,IF,61.9,54.0,1001,4.56,4.58,2.83
37811,0.35,Ideal,G,IF,61.3,55.0,1001,4.57,4.6,2.81
37816,0.36,Very Good,G,IF,60.4,62.0,1002,4.6,4.64,2.79
37821,0.31,Ideal,E,IF,61.3,58.0,1002,4.37,4.4,2.69
37853,0.37,Very Good,G,IF,61.8,56.0,1003,4.6,4.64,2.85
37875,0.32,Ideal,E,IF,60.6,60.0,1004,4.43,4.45,2.69
37889,0.36,Ideal,G,IF,62.0,57.0,1006,4.54,4.58,2.82
37910,0.41,Ideal,I,IF,62.6,57.0,1007,4.74,4.78,2.98
37924,0.23,Very Good,F,IF,61.0,62.0,485,3.95,3.99,2.42
38025,0.33,Premium,H,IF,61.7,59.0,1010,4.45,4.43,2.74
38026,0.32,Ideal,F,IF,62.2,55.0,1010,4.38,4.4,2.73
38037,0.33,Premium,H,IF,62.9,58.0,1010,4.43,4.38,2.77
38062,0.3,Ideal,E,IF,61.1,57.0,1013,4.31,4.33,2.64
38068,0.3,Premium,F,IF,61.6,58.0,1013,4.35,4.32,2.67
38069,0.3,Ideal,F,IF,61.1,57.0,1013,4.39,4.35,2.67
38079,0.3,Premium,F,IF,60.7,58.0,1013,4.37,4.33,2.64
38086,0.3,Ideal,F,IF,62.0,56.0,1013,4.34,4.3,2.68
38095,0.36,Ideal,H,IF,61.9,57.0,1013,4.6,4.55,2.83
38112,0.3,Premium,H,IF,60.4,60.0,1013,4.34,4.3,2.61
38113,0.3,Ideal,H,IF,61.5,56.0,1013,4.34,4.31,2.66
38114,0.3,Ideal,H,IF,60.8,56.0,1013,4.37,4.35,2.65
38115,0.3,Premium,H,IF,62.9,58.0,1013,4.29,4.26,2.69
38116,0.3,Ideal,H,IF,62.1,55.0,1013,4.3,4.27,2.66
38117,0.3,Ideal,H,IF,61.8,55.0,1013,4.31,4.3,2.66
38158,0.33,Very Good,F,IF,60.3,58.0,1014,4.49,4.46,2.7
38164,0.34,Ideal,G,IF,61.9,54.0,1014,4.46,4.49,2.77
38165,0.34,Ideal,G,IF,61.7,55.0,1014,4.48,4.5,2.77
38167,0.34,Ideal,G,IF,60.1,57.0,1014,4.54,4.58,2.74
38168,0.34,Ideal,G,IF,61.6,56.0,1014,4.48,4.51,2.77
38170,0.34,Ideal,G,IF,61.9,57.0,1014,4.47,4.48,2.77
38171,0.34,Premium,G,IF,62.3,59.0,1014,4.46,4.49,2.79
38234,0.35,Ideal,H,IF,60.8,56.0,1017,4.61,4.6,2.8
38235,0.35,Ideal,H,IF,60.7,56.0,1017,4.62,4.61,2.8
38239,0.32,Very Good,E,IF,61.4,55.0,1018,4.43,4.46,2.73
38243,0.32,Ideal,E,IF,62.3,54.0,1018,4.38,4.41,2.74
38244,0.32,Ideal,E,IF,62.9,54.0,1018,4.37,4.41,2.76
38245,0.32,Ideal,E,IF,61.1,56.0,1018,4.42,4.48,2.72
38246,0.32,Ideal,E,IF,61.1,58.0,1018,4.42,4.45,2.71
38247,0.32,Ideal,E,IF,62.3,53.0,1018,4.39,4.41,2.74
38248,0.32,Ideal,E,IF,61.9,55.0,1018,4.38,4.41,2.72
38337,0.32,Ideal,G,IF,60.5,57.0,1020,4.44,4.42,2.68
38338,0.32,Premium,G,IF,59.4,59.0,1020,4.51,4.48,2.67
38339,0.32,Ideal,G,IF,61.8,55.0,1020,4.43,4.41,2.73
38340,0.32,Premium,G,IF,59.9,58.0,1020,4.43,4.42,2.65
38341,0.32,Premium,G,IF,62.0,60.0,1020,4.41,4.37,2.72
38342,0.32,Ideal,G,IF,62.9,55.0,1020,4.41,4.37,2.76
38343,0.32,Premium,G,IF,61.8,55.0,1020,4.45,4.39,2.73
38344,0.32,Ideal,G,IF,62.4,55.0,1020,4.42,4.4,2.75
38345,0.32,Ideal,G,IF,61.2,57.0,1020,4.43,4.4,2.7
38346,0.32,Ideal,G,IF,60.9,56.0,1020,4.43,4.41,2.69
38415,0.35,Very Good,E,IF,57.9,56.0,1025,4.71,4.75,2.74
38416,0.3,Ideal,G,IF,62.4,55.0,1025,4.32,4.3,2.69
38419,0.3,Premium,E,IF,61.9,58.0,1026,4.26,4.3,2.65
38420,0.3,Very Good,E,IF,60.1,60.0,1026,4.3,4.32,2.59
38421,0.3,Premium,E,IF,61.0,59.0,1026,4.29,4.33,2.63
38439,0.35,Very Good,F,IF,62.0,54.0,1027,4.55,4.58,2.83
38448,0.35,Ideal,H,IF,60.9,57.0,1028,4.58,4.6,2.8
38449,0.33,Ideal,F,IF,61.8,55.0,1028,4.47,4.49,2.77
38451,0.31,Ideal,G,IF,62.0,54.0,1028,4.39,4.35,2.71
38456,0.36,Ideal,G,IF,62.2,53.0,1029,4.59,4.61,2.86
38457,0.36,Ideal,G,IF,61.9,55.0,1029,4.56,4.59,2.83
38516,0.37,Ideal,G,IF,62.4,56.0,1033,4.6,4.64,2.88
38565,0.35,Ideal,F,IF,60.9,56.0,1035,4.54,4.56,2.77
38605,0.39,Ideal,H,IF,61.9,55.6,1039,4.68,4.7,2.91
38616,0.3,Ideal,J,IF,61.5,56.0,489,4.32,4.33,2.66
38617,0.3,Ideal,J,IF,61.5,57.0,489,4.29,4.36,2.66
38707,0.35,Ideal,G,IF,61.8,56.0,1041,4.57,4.52,2.81
38713,0.33,Ideal,F,IF,61.5,55.0,1042,4.44,4.47,2.74
38736,0.45,Ideal,I,IF,62.0,54.0,1043,4.94,4.97,3.07
38740,0.4,Very Good,H,IF,64.0,56.0,1044,4.66,4.69,2.99
38741,0.35,Very Good,G,IF,62.2,58.0,1044,4.45,4.52,2.79
38744,0.35,Very Good,G,IF,59.1,59.0,1044,4.59,4.62,2.72
38745,0.35,Ideal,G,IF,61.8,55.0,1044,4.54,4.56,2.81
38746,0.35,Ideal,G,IF,61.4,55.0,1044,4.56,4.59,2.81
38747,0.35,Ideal,G,IF,62.3,55.0,1044,4.5,4.52,2.81
38749,0.35,Ideal,G,IF,61.1,56.0,1044,4.54,4.59,2.79
38751,0.35,Premium,G,IF,60.6,60.0,1044,4.54,4.57,2.76
38761,0.43,Ideal,I,IF,62.3,53.0,1046,4.82,4.9,3.02
38762,0.31,Ideal,E,IF,61.9,55.0,1046,4.38,4.41,2.72
38763,0.31,Ideal,F,IF,62.1,56.0,1046,4.36,4.33,2.7
38764,0.31,Ideal,F,IF,62.0,56.0,1046,4.36,4.32,2.69
38767,0.31,Ideal,F,IF,62.2,56.0,1046,4.34,4.31,2.69
38768,0.31,Ideal,F,IF,61.8,54.0,1046,4.37,4.33,2.69
38776,0.31,Premium,F,IF,61.5,58.0,1046,4.35,4.33,2.67
38777,0.31,Ideal,F,IF,62.1,55.0,1046,4.35,4.34,2.7
38780,0.31,Ideal,H,IF,60.0,57.0,1046,4.41,4.39,2.64
38781,0.31,Premium,H,IF,60.5,58.0,1046,4.44,4.38,2.67
38782,0.31,Ideal,H,IF,61.8,56.0,1046,4.38,4.36,2.7
38783,0.31,Premium,H,IF,61.0,58.0,1046,4.38,4.34,2.66
38784,0.31,Premium,H,IF,61.7,58.0,1046,4.36,4.33,2.68
38785,0.31,Ideal,H,IF,62.1,54.0,1046,4.37,4.33,2.7
38847,0.4,Ideal,I,IF,62.4,56.0,1050,4.73,4.7,2.94
38848,0.4,Ideal,I,IF,62.2,56.0,1050,4.75,4.71,2.94
38894,0.31,Ideal,E,IF,60.7,56.0,1051,4.36,4.4,2.66
38911,0.33,Ideal,G,IF,61.6,55.0,1052,4.51,4.48,2.77
38912,0.33,Good,G,IF,57.9,60.0,1052,4.57,4.55,2.64
38913,0.33,Ideal,G,IF,62.2,56.0,1052,4.45,4.43,2.76
38914,0.33,Ideal,G,IF,61.6,53.0,1052,4.47,4.43,2.74
38915,0.33,Ideal,G,IF,61.7,55.0,1052,4.47,4.45,2.75
38916,0.33,Ideal,G,IF,61.6,56.0,1052,4.48,4.45,2.75
38917,0.33,Ideal,G,IF,61.8,55.0,1052,4.48,4.45,2.76
38918,0.33,Ideal,G,IF,62.1,56.0,1052,4.44,4.41,2.75
38919,0.33,Premium,G,IF,60.8,58.0,1052,4.46,4.42,2.7
38920,0.33,Ideal,G,IF,61.3,57.0,1052,4.46,4.42,2.72
38921,0.33,Ideal,G,IF,61.9,54.0,1052,4.46,4.42,2.75
38926,0.31,Good,E,IF,64.2,60.0,1052,4.28,4.22,2.73
38929,0.36,Very Good,E,IF,59.5,57.0,1053,4.68,4.73,2.8
38979,0.4,Ideal,I,IF,62.8,54.0,1053,4.7,4.72,2.96
38980,0.36,Good,E,IF,57.7,54.0,1053,4.74,4.79,2.75
39011,0.43,Ideal,I,IF,62.0,55.0,1056,4.83,4.85,3.0
39020,0.43,Premium,I,IF,61.2,58.0,1056,4.83,4.88,2.97
39035,0.37,Ideal,G,IF,62.1,55.0,1056,4.6,4.64,2.87
39036,0.37,Ideal,G,IF,61.4,55.0,1056,4.63,4.66,2.85
39037,0.37,Ideal,G,IF,61.2,56.0,1056,4.65,4.67,2.85
39038,0.37,Ideal,G,IF,62.1,54.0,1056,4.6,4.64,2.87
39039,0.37,Ideal,G,IF,61.2,56.0,1056,4.61,4.64,2.83
39040,0.37,Ideal,G,IF,61.5,56.0,1056,4.6,4.64,2.84
39041,0.36,Ideal,F,IF,62.5,54.0,1056,4.54,4.58,2.85
39082,0.31,Premium,E,IF,61.0,59.0,1060,4.36,4.39,2.67
39083,0.31,Ideal,E,IF,61.9,56.0,1060,4.35,4.37,2.7
39089,0.31,Ideal,F,IF,61.5,55.0,1061,4.34,4.37,2.68
39090,0.31,Ideal,F,IF,61.4,56.0,1061,4.38,4.41,2.7
39093,0.41,Very Good,J,IF,63.5,54.0,1061,4.75,4.7,3.0
39094,0.41,Good,J,IF,63.6,54.0,1061,4.75,4.72,3.01
39155,0.36,Ideal,F,IF,61.4,56.0,1063,4.57,4.61,2.82
39156,0.36,Ideal,F,IF,60.3,57.0,1063,4.61,4.65,2.79
39166,0.4,Premium,J,IF,62.7,60.0,1063,4.7,4.64,2.93
39167,0.4,Premium,J,IF,62.2,61.0,1063,4.71,4.68,2.92
39168,0.4,Ideal,J,IF,62.4,56.0,1063,4.74,4.71,2.95
39169,0.4,Ideal,J,IF,62.6,56.0,1063,4.75,4.71,2.96
39193,0.38,Ideal,H,IF,60.0,60.0,1064,4.71,4.76,2.84
39194,0.38,Ideal,H,IF,58.9,58.0,1064,4.69,4.81,2.8
39203,0.37,Premium,G,IF,59.8,58.0,1064,4.71,4.69,2.81
39333,0.3,Premium,G,IF,58.4,62.0,1071,4.43,4.4,2.58
39349,0.35,Ideal,F,IF,60.7,57.0,1073,4.6,4.56,2.78
39366,0.36,Premium,G,IF,61.0,59.0,1074,4.55,4.6,2.79
39367,0.36,Premium,G,IF,62.5,60.0,1074,4.49,4.53,2.82
39368,0.36,Ideal,G,IF,61.6,55.0,1074,4.57,4.59,2.82
39369,0.34,Ideal,F,IF,60.7,57.0,1074,4.5,4.53,2.74
39378,0.4,Ideal,H,IF,61.9,55.0,1074,4.76,4.77,2.95
39379,0.4,Ideal,H,IF,60.9,58.0,1074,4.75,4.78,2.9
39380,0.38,Ideal,G,IF,61.6,56.0,1074,4.67,4.72,2.89
39394,0.41,Ideal,I,IF,62.6,57.0,1076,4.78,4.74,2.98
39500,0.33,Ideal,E,IF,60.8,57.0,1079,4.44,4.47,2.71
39509,0.32,Ideal,F,IF,62.2,55.0,1080,4.4,4.38,2.73
39544,0.32,Ideal,H,IF,60.9,56.0,1080,4.42,4.41,2.69
39545,0.32,Premium,H,IF,61.2,58.0,1080,4.39,4.37,2.68
39564,0.32,Premium,F,IF,59.3,58.0,1080,4.47,4.44,2.62
39577,0.31,Ideal,H,IF,60.8,56.0,1081,4.42,4.4,2.68
39632,0.34,Ideal,G,IF,61.9,57.0,1084,4.48,4.47,2.77
39633,0.34,Ideal,G,IF,61.7,55.0,1084,4.5,4.48,2.77
39634,0.34,Ideal,G,IF,61.6,56.0,1084,4.51,4.48,2.77
39635,0.34,Ideal,G,IF,60.1,57.0,1084,4.58,4.54,2.74
39636,0.34,Ideal,G,IF,61.9,54.0,1084,4.49,4.46,2.77
39637,0.34,Premium,G,IF,62.3,59.0,1084,4.49,4.46,2.79
39643,0.3,Premium,F,IF,61.6,58.0,1085,4.34,4.3,2.66
39737,0.37,Ideal,F,IF,62.0,57.0,1092,4.59,4.62,2.85
39782,0.33,Premium,G,IF,59.4,59.0,1094,4.54,4.49,2.68
39788,0.32,Ideal,E,IF,62.6,55.0,1095,4.38,4.41,2.75
39790,0.32,Ideal,E,IF,61.9,56.0,1095,4.4,4.42,2.73
39794,0.32,Premium,E,IF,61.6,58.0,1095,4.38,4.39,2.7
39818,0.3,Premium,E,IF,61.0,59.0,1097,4.33,4.29,2.63
39820,0.3,Premium,E,IF,61.9,58.0,1097,4.3,4.26,2.65
39822,0.3,Premium,E,IF,60.1,60.0,1097,4.32,4.3,2.59
39844,0.41,Ideal,H,IF,61.1,54.0,1099,4.8,4.85,2.95
39859,0.41,Ideal,H,IF,61.8,55.0,1100,4.79,4.82,2.97
39864,0.39,Ideal,G,IF,61.9,54.0,1101,4.67,4.73,2.91
39903,0.35,Ideal,H,IF,61.7,54.0,1103,4.55,4.53,2.8
39942,0.23,Very Good,E,IF,59.9,58.0,492,3.98,4.03,2.4
39949,0.24,Good,F,IF,65.1,58.0,492,3.86,3.88,2.52
40078,0.33,Ideal,F,IF,61.5,55.0,1114,4.47,4.44,2.74
40084,0.33,Ideal,H,IF,62.1,55.0,1114,4.44,4.41,2.75
40085,0.33,Ideal,H,IF,61.9,55.0,1114,4.44,4.42,2.74
40086,0.33,Premium,H,IF,60.3,59.0,1114,4.49,4.47,2.7
40087,0.33,Premium,H,IF,62.0,58.0,1114,4.42,4.39,2.73
40088,0.33,Premium,H,IF,61.8,60.0,1114,4.44,4.4,2.73
40148,0.35,Ideal,G,IF,61.1,56.0,1116,4.59,4.54,2.79
40154,0.35,Premium,G,IF,59.1,59.0,1116,4.62,4.59,2.72
40155,0.35,Ideal,G,IF,61.4,55.0,1116,4.59,4.56,2.81
40156,0.35,Premium,G,IF,60.6,60.0,1116,4.57,4.54,2.76
40157,0.35,Ideal,G,IF,61.8,55.0,1116,4.56,4.54,2.81
40158,0.35,Ideal,G,IF,62.3,55.0,1116,4.52,4.5,2.81
40159,0.35,Premium,G,IF,62.2,58.0,1116,4.52,4.45,2.79
40161,0.32,Ideal,H,IF,61.1,56.0,1116,4.46,4.45,2.72
40162,0.32,Premium,H,IF,60.7,58.0,1116,4.47,4.46,2.71
40190,0.3,Ideal,E,IF,60.9,56.0,1120,4.31,4.33,2.63
40191,0.4,Good,G,IF,59.7,62.0,1120,4.75,4.8,2.85
40208,0.31,Ideal,F,IF,62.3,57.0,1122,4.34,4.3,2.69
40209,0.31,Premium,F,IF,60.8,59.0,1122,4.39,4.36,2.66
40210,0.31,Premium,F,IF,61.6,58.0,1122,4.37,4.33,2.68
40213,0.31,Ideal,F,IF,62.2,56.0,1122,4.34,4.31,2.69
40254,0.38,Ideal,G,IF,62.0,54.0,1125,4.66,4.7,2.9
40323,0.42,Ideal,H,IF,61.6,56.0,1126,4.84,4.87,2.99
40329,0.39,Fair,G,IF,57.1,61.0,1127,4.83,4.88,2.77
40341,0.33,Ideal,E,IF,61.9,57.0,1129,4.41,4.45,2.74
40342,0.33,Premium,E,IF,60.8,58.0,1129,4.46,4.49,2.72
40346,0.43,Ideal,I,IF,62.0,55.0,1129,4.85,4.83,3.0
40347,0.43,Premium,I,IF,61.2,58.0,1129,4.88,4.83,2.97
40363,0.3,Premium,D,IF,62.1,59.0,1130,4.27,4.29,2.66
40374,0.39,Very Good,F,IF,60.8,55.0,1131,4.73,4.77,2.89
40380,0.3,Ideal,F,IF,60.7,56.0,1131,4.35,4.38,2.65
40406,0.31,Ideal,E,IF,61.9,56.0,1133,4.37,4.35,2.7
40407,0.31,Premium,E,IF,61.0,59.0,1133,4.39,4.36,2.67
40427,0.42,Ideal,H,IF,61.0,56.0,1135,4.79,4.82,2.93
40434,0.36,Ideal,F,IF,62.2,55.0,1137,4.57,4.62,2.86
40437,0.36,Ideal,F,IF,61.4,55.9,1138,4.58,4.62,2.82
40533,0.38,Premium,G,IF,62.5,60.0,1148,4.61,4.64,2.89
40537,0.34,Ideal,F,IF,60.7,57.0,1148,4.53,4.5,2.74
40538,0.36,Premium,G,IF,62.5,60.0,1148,4.53,4.49,2.82
40539,0.36,Premium,G,IF,61.0,59.0,1148,4.6,4.55,2.79
40540,0.36,Ideal,G,IF,61.6,55.0,1148,4.59,4.57,2.82
40542,0.35,Premium,E,IF,59.0,61.0,1148,4.64,4.62,2.73
40552,0.41,Ideal,F,IF,62.2,54.0,1151,4.76,4.79,2.97
40568,0.43,Ideal,H,IF,61.9,55.0,1151,4.87,4.89,3.02
40581,0.4,Ideal,H,IF,61.9,56.0,1153,4.72,4.75,2.93
40645,0.4,Very Good,G,IF,61.0,59.0,1154,4.75,4.79,2.91
40664,0.39,Ideal,G,IF,61.7,55.0,1154,4.68,4.72,2.9
40666,0.31,Ideal,F,IF,60.2,57.0,1155,4.38,4.44,2.65
40702,0.4,Ideal,H,IF,62.7,57.0,1158,4.68,4.7,2.94
40735,0.34,Ideal,E,IF,62.0,56.0,1163,4.47,4.5,2.78
40736,0.34,Ideal,E,IF,62.0,56.0,1163,4.49,4.51,2.79
40737,0.34,Ideal,E,IF,61.7,56.0,1163,4.46,4.48,2.76
40748,0.36,Ideal,H,IF,61.3,57.0,1163,4.59,4.61,2.82
40766,0.37,Fair,F,IF,52.3,61.0,1166,4.96,4.91,2.58
40780,0.31,Premium,D,IF,60.2,59.0,1167,4.39,4.42,2.65
40789,0.31,Ideal,F,IF,61.4,56.0,1168,4.37,4.42,2.7
40790,0.31,Ideal,F,IF,61.0,56.0,1168,4.38,4.41,2.68
40791,0.31,Ideal,F,IF,61.2,57.0,1168,4.35,4.38,2.67
40792,0.31,Ideal,F,IF,61.4,56.0,1168,4.4,4.43,2.71
40815,0.32,Ideal,E,IF,62.6,55.0,1170,4.41,4.38,2.75
40817,0.32,Ideal,E,IF,61.9,56.0,1170,4.42,4.4,2.73
40818,0.32,Premium,E,IF,61.6,58.0,1170,4.39,4.38,2.7
40829,0.32,Very Good,D,IF,62.0,56.0,1171,4.39,4.43,2.73
40842,0.4,Very Good,G,IF,62.3,59.0,1173,4.67,4.7,2.92
40843,0.4,Very Good,G,IF,61.8,58.0,1173,4.69,4.73,2.91
40895,0.44,Ideal,H,IF,61.9,54.0,1177,4.9,4.95,3.05
40896,0.44,Ideal,H,IF,61.4,55.0,1177,4.92,4.95,3.03
40903,0.47,Ideal,I,IF,62.2,55.0,1178,4.99,5.01,3.11
41000,0.39,Very Good,F,IF,59.9,59.0,1183,4.78,4.84,2.88
41013,0.44,Ideal,H,IF,61.5,56.0,1185,4.89,4.93,3.02
41030,0.41,Ideal,H,IF,61.8,55.0,1187,4.76,4.79,2.95
41031,0.41,Ideal,H,IF,62.1,56.0,1187,4.74,4.76,2.95
41042,0.41,Very Good,H,IF,62.9,54.0,1187,4.71,4.74,2.97
41045,0.31,Ideal,E,IF,60.4,56.0,1188,4.43,4.38,2.66
41055,0.39,Ideal,G,IF,62.1,53.7,1189,4.67,4.71,2.91
41070,0.46,Ideal,I,IF,62.2,55.0,1192,4.94,4.97,3.08
41098,0.4,Ideal,G,IF,62.0,57.0,1193,4.73,4.75,2.94
41099,0.38,Ideal,F,IF,61.0,56.0,1193,4.68,4.7,2.86
41103,0.44,Very Good,H,IF,61.1,57.0,1194,4.91,4.94,3.01
41129,0.41,Very Good,G,IF,60.9,59.0,1197,4.8,4.85,2.94
41130,0.35,Ideal,E,IF,61.4,56.0,1197,4.53,4.56,2.79
41131,0.35,Ideal,E,IF,62.2,56.0,1197,4.51,4.52,2.81
41155,0.4,Ideal,G,IF,61.2,56.0,1199,4.74,4.77,2.91
41170,0.39,Ideal,G,IF,61.4,54.0,1200,4.71,4.73,2.9
41185,0.42,Ideal,H,IF,62.4,57.0,1201,4.79,4.82,2.99
41186,0.39,Ideal,G,IF,61.6,56.0,1201,4.69,4.73,2.9
41192,0.48,Ideal,I,IF,61.4,55.0,1202,5.05,5.08,3.11
41199,0.32,Ideal,F,IF,61.8,56.0,1204,4.4,4.44,2.73
41200,0.32,Ideal,F,IF,61.2,56.0,1204,4.41,4.45,2.71
41229,0.4,Very Good,E,IF,62.9,58.0,1207,4.68,4.77,2.97
41236,0.33,Ideal,E,IF,61.9,57.0,1207,4.45,4.41,2.74
41237,0.33,Premium,E,IF,60.8,58.0,1207,4.49,4.46,2.72
41242,0.3,Fair,D,IF,60.5,57.0,1208,4.47,4.35,2.67
41243,0.46,Premium,I,IF,59.4,60.0,1208,5.04,5.02,2.99
41246,0.3,Premium,D,IF,62.1,59.0,1208,4.29,4.27,2.66
41280,0.31,Very Good,E,IF,61.5,59.0,1209,4.34,4.37,2.68
41282,0.39,Ideal,G,IF,60.6,56.0,1209,4.73,4.76,2.87
41291,0.36,Ideal,F,IF,61.7,55.0,1210,4.58,4.62,2.84
41305,0.38,Ideal,F,IF,60.7,57.0,1212,4.69,4.73,2.86
41306,0.38,Ideal,F,IF,61.5,56.0,1212,4.67,4.7,2.88
41307,0.38,Ideal,F,IF,62.2,54.0,1212,4.64,4.69,2.9
41310,0.39,Good,G,IF,63.5,56.0,1213,4.65,4.67,2.96
41315,0.42,Ideal,H,IF,61.0,56.0,1213,4.82,4.79,2.93
41326,0.31,Ideal,E,IF,61.5,56.0,1214,4.35,4.4,2.69
41327,0.31,Ideal,E,IF,62.5,56.0,1214,4.34,4.37,2.72
41328,0.31,Ideal,E,IF,63.0,55.0,1214,4.34,4.37,2.73
41329,0.31,Ideal,E,IF,61.8,54.0,1214,4.36,4.38,2.7
41334,0.36,Ideal,F,IF,62.2,55.0,1215,4.62,4.57,2.86
41341,0.42,Ideal,H,IF,61.9,56.0,1216,4.79,4.81,2.97
41342,0.42,Ideal,H,IF,61.7,55.0,1216,4.82,4.84,2.98
41347,0.4,Very Good,F,IF,61.1,57.0,1217,4.73,4.77,2.9
41356,0.38,Ideal,F,IF,62.2,54.0,1218,4.65,4.68,2.9
41368,0.4,Very Good,G,IF,61.2,57.0,1220,4.77,4.79,2.92
41381,0.46,Ideal,J,IF,61.8,56.0,1221,4.98,4.95,3.07
41430,0.38,Premium,G,IF,62.5,60.0,1227,4.64,4.61,2.89
41442,0.4,Very Good,G,IF,61.4,54.0,1229,4.76,4.79,2.93
41443,0.36,Premium,E,IF,59.4,61.0,1229,4.69,4.61,2.76
41447,0.4,Ideal,G,IF,62.0,56.0,1229,4.73,4.76,2.94
41448,0.4,Ideal,G,IF,61.8,55.0,1229,4.76,4.79,2.95
41449,0.4,Ideal,G,IF,61.7,57.0,1229,4.7,4.73,2.91
41450,0.4,Ideal,G,IF,61.2,56.0,1229,4.76,4.81,2.93
41451,0.4,Ideal,G,IF,62.3,55.0,1229,4.74,4.76,2.96
41452,0.4,Ideal,G,IF,61.1,58.0,1229,4.72,4.74,2.89
41453,0.38,Ideal,F,IF,62.2,54.0,1229,4.68,4.71,2.92
41626,0.24,Ideal,H,IF,62.5,54.0,504,3.97,4.0,2.49
41627,0.24,Ideal,H,IF,62.1,57.0,504,4.0,4.04,2.5
41628,0.24,Ideal,H,IF,61.8,54.0,504,3.99,4.03,2.47
41640,0.4,Ideal,H,IF,62.7,57.0,1238,4.7,4.68,2.94
41662,0.4,Ideal,G,IF,63.1,54.0,1239,4.69,4.73,2.97
41663,0.4,Ideal,G,IF,61.8,55.0,1239,4.75,4.79,2.95
41666,0.31,Ideal,E,IF,60.4,56.0,1239,4.43,4.38,2.66
41673,0.33,Ideal,F,IF,60.8,55.0,1240,4.49,4.53,2.74
41674,0.33,Ideal,F,IF,61.2,56.0,1240,4.47,4.49,2.74
41675,0.33,Ideal,F,IF,61.3,55.0,1240,4.47,4.5,2.75
41676,0.33,Ideal,F,IF,61.2,56.0,1240,4.47,4.49,2.74
41717,0.34,Ideal,E,IF,62.0,56.0,1243,4.51,4.49,2.79
41718,0.34,Ideal,E,IF,61.7,56.0,1243,4.48,4.46,2.76
41719,0.34,Ideal,E,IF,62.0,56.0,1243,4.5,4.47,2.78
41723,0.41,Ideal,H,IF,61.8,55.0,1243,4.79,4.76,2.95
41724,0.41,Ideal,H,IF,62.9,54.0,1243,4.74,4.71,2.97
41725,0.41,Ideal,H,IF,62.1,56.0,1243,4.76,4.74,2.95
41758,0.43,Ideal,H,IF,62.2,55.0,1245,4.84,4.87,3.02
41787,0.39,Ideal,E,IF,62.5,57.0,1248,4.7,4.74,2.95
41788,0.31,Premium,D,IF,60.2,59.0,1248,4.42,4.39,2.65
41826,0.31,Ideal,D,IF,61.1,56.0,1251,4.39,4.42,2.69
41827,0.42,Ideal,G,IF,62.0,57.0,1251,4.8,4.82,2.98
41831,0.32,Good,D,IF,57.8,56.0,1252,4.55,4.65,2.66
41842,0.35,Ideal,E,IF,61.4,56.0,1254,4.56,4.53,2.79
41843,0.35,Ideal,E,IF,62.2,56.0,1254,4.52,4.51,2.81
41845,0.41,Very Good,F,IF,63.3,56.0,1255,4.69,4.75,2.99
41852,0.44,Ideal,H,IF,62.0,57.0,1255,4.87,4.91,3.02
41863,0.4,Ideal,G,IF,61.1,56.0,1257,4.76,4.79,2.92
41864,0.4,Ideal,G,IF,61.5,57.0,1257,4.72,4.76,2.91
41887,0.41,Ideal,G,IF,62.4,54.0,1259,4.77,4.82,2.99
41888,0.41,Ideal,G,IF,61.6,55.0,1259,4.78,4.83,2.96
41889,0.41,Ideal,G,IF,62.4,54.0,1259,4.76,4.79,2.98
41890,0.41,Ideal,G,IF,61.7,56.0,1259,4.78,4.81,2.96
41891,0.41,Ideal,G,IF,61.7,56.0,1259,4.79,4.81,2.96
41907,0.4,Very Good,F,IF,62.9,55.0,1261,4.68,4.7,2.95
41909,0.4,Ideal,F,IF,61.8,55.0,1261,4.74,4.8,2.95
42049,0.41,Ideal,G,IF,61.5,57.0,1269,4.78,4.82,2.95
42064,0.39,Very Good,G,IF,63.5,56.0,1271,4.67,4.65,2.96
42065,0.39,Premium,G,IF,59.8,55.0,1271,4.84,4.77,2.87
42085,0.42,Ideal,H,IF,61.7,55.0,1273,4.84,4.82,2.98
42086,0.42,Ideal,H,IF,61.9,56.0,1273,4.81,4.79,2.97
42106,0.41,Ideal,G,IF,62.1,57.0,1276,4.76,4.77,2.96
42109,0.34,Ideal,F,IF,61.7,55.0,1276,4.49,4.52,2.78
42110,0.34,Ideal,F,IF,61.9,55.0,1276,4.49,4.52,2.79
42111,0.34,Ideal,F,IF,61.7,55.0,1276,4.49,4.52,2.78
42112,0.34,Ideal,F,IF,61.4,57.0,1276,4.49,4.5,2.76
42136,0.43,Ideal,G,IF,61.6,57.0,1280,4.81,4.84,2.97
42160,0.38,Very Good,F,IF,60.2,58.0,1284,4.73,4.7,2.84
42169,0.43,Very Good,G,IF,62.7,58.0,1286,4.8,4.84,3.02
42177,0.43,Ideal,G,IF,61.7,57.0,1286,4.83,4.86,2.99
42215,0.42,Ideal,G,IF,61.5,56.0,1289,4.84,4.85,2.98
42216,0.42,Ideal,G,IF,61.9,53.0,1289,4.83,4.87,3.0
42217,0.42,Ideal,G,IF,62.6,53.0,1289,4.79,4.82,3.01
42218,0.42,Ideal,G,IF,62.3,54.0,1289,4.82,4.85,3.01
42219,0.42,Ideal,G,IF,62.0,53.0,1289,4.83,4.85,3.0
42220,0.42,Ideal,G,IF,62.2,54.0,1289,4.81,4.84,3.0
42221,0.33,Ideal,E,IF,62.1,55.0,1289,4.43,4.46,2.76
42229,0.39,Premium,F,IF,58.0,61.0,1290,4.83,4.79,2.79
42249,0.4,Ideal,F,IF,62.3,57.0,1292,4.69,4.71,2.93
42349,0.39,Premium,G,IF,59.0,60.0,1300,4.75,4.78,2.81
42353,0.32,Ideal,E,IF,61.2,57.0,1300,4.4,4.43,2.7
42354,0.38,Ideal,E,IF,61.4,55.0,1300,4.68,4.7,2.88
42374,0.41,Ideal,F,IF,61.7,56.0,1304,4.79,4.83,2.97
42375,0.43,Ideal,H,IF,62.2,55.0,1304,4.87,4.84,3.02
42409,0.42,Ideal,G,IF,62.0,57.0,1310,4.82,4.8,2.98
42410,0.31,Ideal,D,IF,61.1,56.0,1310,4.42,4.39,2.69
42419,0.35,Ideal,F,IF,60.9,55.0,1312,4.58,4.61,2.8
42428,0.41,Very Good,F,IF,61.6,58.0,1313,4.75,4.79,2.94
42478,0.43,Ideal,G,IF,62.5,54.0,1318,4.83,4.86,3.03
42479,0.43,Ideal,G,IF,62.4,54.0,1318,4.84,4.87,3.03
42480,0.43,Ideal,G,IF,61.3,56.0,1318,4.86,4.9,2.99
42481,0.43,Ideal,G,IF,61.9,53.0,1318,4.87,4.88,3.02
42483,0.38,Good,E,IF,59.1,58.0,1318,4.74,4.77,2.81
42489,0.31,Ideal,E,IF,61.0,57.0,1319,4.36,4.39,2.67
42594,0.31,Very Good,D,IF,62.0,56.0,1331,4.33,4.35,2.69
42650,0.4,Premium,G,IF,59.8,58.0,1333,4.79,4.85,2.88
42651,0.4,Ideal,G,IF,61.4,55.0,1333,4.76,4.79,2.93
42653,0.4,Premium,G,IF,60.8,58.0,1333,4.73,4.77,2.89
42655,0.38,Ideal,F,IF,62.2,55.0,1333,4.64,4.66,2.89
42660,0.4,Ideal,G,IF,62.2,55.0,1333,4.73,4.76,2.95
42662,0.39,Ideal,E,IF,61.3,56.0,1333,4.71,4.75,2.9
42663,0.39,Ideal,E,IF,61.1,57.0,1333,4.73,4.76,2.9
42678,0.41,Ideal,G,IF,62.1,57.0,1336,4.77,4.76,2.96
42725,0.43,Ideal,G,IF,61.6,57.0,1341,4.84,4.81,2.97
42772,0.44,Ideal,G,IF,62.2,54.0,1348,4.89,4.92,3.05
42773,0.44,Ideal,G,IF,62.2,53.0,1348,4.9,4.94,3.06
42887,0.32,Ideal,E,IF,61.4,56.0,1359,4.38,4.42,2.7
42907,0.39,Premium,G,IF,59.0,60.0,1362,4.78,4.75,2.81
42973,0.41,Ideal,G,IF,61.7,56.0,1367,4.77,4.8,2.95
42979,0.41,Ideal,G,IF,62.4,54.0,1367,4.74,4.78,2.97
42981,0.41,Ideal,G,IF,62.3,55.0,1367,4.75,4.78,2.97
42982,0.41,Ideal,G,IF,61.0,57.0,1367,4.79,4.81,2.93
42983,0.41,Ideal,G,IF,61.7,56.0,1367,4.77,4.8,2.95
42991,0.36,Very Good,E,IF,60.3,57.0,1368,4.6,4.63,2.78
42992,0.39,Ideal,F,IF,61.9,57.0,1368,4.68,4.69,2.9
43061,0.45,Ideal,G,IF,62.8,53.0,1377,4.92,4.95,3.1
43062,0.45,Ideal,G,IF,61.4,56.0,1377,4.96,4.97,3.05
43063,0.45,Ideal,G,IF,62.0,53.0,1377,4.94,4.99,3.08
43064,0.45,Ideal,G,IF,61.0,57.0,1377,4.96,5.0,3.04
43065,0.39,Ideal,F,IF,61.0,56.0,1377,4.72,4.75,2.89
43076,0.44,Ideal,G,IF,61.3,55.0,1378,4.91,4.95,3.02
43093,0.46,Ideal,H,IF,62.3,54.0,1382,4.94,4.98,3.09
43123,0.52,Ideal,J,IF,62.1,56.0,1385,5.18,5.12,3.2
43148,0.33,Ideal,F,IF,62.1,56.0,1389,4.41,4.44,2.75
43172,0.42,Premium,F,IF,62.2,56.0,1389,4.85,4.8,3.0
43195,0.42,Ideal,G,IF,62.4,57.0,1394,4.79,4.82,3.0
43220,0.38,Ideal,F,IF,62.2,55.0,1397,4.66,4.64,2.89
43221,0.4,Premium,G,IF,59.8,58.0,1397,4.85,4.79,2.88
43222,0.4,Ideal,G,IF,61.4,55.0,1397,4.79,4.76,2.93
43223,0.4,Premium,G,IF,60.8,58.0,1397,4.77,4.73,2.89
43224,0.4,Ideal,G,IF,62.2,55.0,1397,4.76,4.73,2.95
43246,0.42,Ideal,G,IF,61.6,56.0,1400,4.85,4.86,2.99
43247,0.42,Ideal,G,IF,60.4,55.0,1400,4.85,4.86,2.93
43250,0.42,Ideal,G,IF,62.7,56.0,1400,4.76,4.77,2.99
43251,0.42,Premium,G,IF,60.2,59.0,1400,4.8,4.87,2.91
43254,0.42,Ideal,G,IF,62.1,56.0,1400,4.8,4.83,2.99
43256,0.42,Premium,G,IF,61.6,58.0,1400,4.76,4.79,2.94
43315,0.38,Ideal,E,IF,61.4,55.0,1402,4.68,4.74,2.89
43316,0.38,Ideal,E,IF,62.2,54.1,1402,4.64,4.67,2.89
43329,0.4,Good,F,IF,63.5,58.0,1404,4.69,4.7,2.98
43330,0.4,Very Good,F,IF,62.8,57.0,1404,4.65,4.68,2.93
43339,0.4,Ideal,F,IF,61.9,54.0,1406,4.75,4.81,2.96
43355,0.44,Good,G,IF,58.5,61.0,1407,4.99,5.03,2.93
43372,0.38,Very Good,E,IF,62.5,59.0,1409,4.61,4.64,2.89
43469,0.39,Ideal,E,IF,61.5,55.5,1418,4.68,4.72,2.88
43473,0.41,Ideal,E,IF,62.1,54.0,1419,4.75,4.81,2.97
43482,0.38,Very Good,E,IF,59.5,57.0,1421,4.77,4.84,2.86
43524,0.41,Ideal,G,IF,62.0,55.0,1425,4.8,4.81,2.98
43567,0.41,Ideal,G,IF,61.0,57.0,1431,4.81,4.79,2.93
43568,0.41,Ideal,G,IF,62.3,55.0,1431,4.78,4.75,2.97
43569,0.41,Ideal,G,IF,61.7,56.0,1431,4.8,4.77,2.95
43570,0.41,Ideal,G,IF,61.7,56.0,1431,4.8,4.77,2.95
43571,0.41,Ideal,G,IF,62.4,54.0,1431,4.78,4.74,2.97
43623,0.43,Ideal,G,IF,61.2,57.0,1433,4.81,4.86,2.96
43624,0.38,Ideal,E,IF,62.7,55.0,1433,4.61,4.67,2.91
43625,0.43,Ideal,G,IF,62.1,54.0,1433,4.83,4.87,3.01
43626,0.38,Ideal,E,IF,61.9,56.0,1433,4.65,4.66,2.88
43627,0.43,Premium,G,IF,60.9,59.0,1433,4.88,4.94,2.99
43629,0.43,Premium,G,IF,61.1,58.0,1433,4.86,4.89,2.98
43630,0.43,Premium,G,IF,61.4,59.0,1433,4.79,4.85,2.96
43631,0.43,Premium,G,IF,61.0,58.0,1433,4.82,4.88,2.96
43633,0.43,Ideal,G,IF,61.8,55.0,1433,4.85,4.89,3.01
43637,0.38,Ideal,E,IF,61.1,56.0,1433,4.67,4.72,2.87
43638,0.43,Ideal,G,IF,61.8,56.0,1433,4.86,4.88,3.01
43643,0.39,Ideal,F,IF,61.9,57.0,1433,4.69,4.68,2.9
43714,0.45,Good,G,IF,59.6,61.0,1437,5.0,5.04,2.99
43755,0.41,Ideal,F,IF,61.3,56.0,1439,4.76,4.77,2.92
43756,0.41,Ideal,F,IF,61.9,56.0,1439,4.77,4.79,2.96
43757,0.41,Premium,F,IF,62.6,58.0,1439,4.73,4.76,2.97
43758,0.41,Ideal,F,IF,61.6,56.0,1439,4.79,4.82,2.96
43759,0.41,Ideal,F,IF,61.4,56.0,1439,4.77,4.81,2.94
43760,0.41,Ideal,F,IF,62.1,55.0,1439,4.76,4.81,2.97
43761,0.41,Ideal,F,IF,61.9,56.0,1439,4.78,4.81,2.97
43763,0.41,Ideal,F,IF,61.4,58.0,1439,4.78,4.83,2.95
43764,0.41,Ideal,F,IF,61.4,56.0,1439,4.81,4.83,2.96
43765,0.41,Ideal,F,IF,62.3,55.0,1439,4.78,4.82,2.99
43766,0.41,Ideal,F,IF,61.7,56.0,1439,4.79,4.83,2.97
43777,0.53,Good,H,IF,61.2,65.0,1440,5.16,5.27,3.19
43778,0.37,Fair,D,IF,61.2,57.0,1440,4.68,4.73,2.88
43785,0.46,Ideal,G,IF,62.5,57.0,1441,4.89,4.94,3.07
43871,0.46,Ideal,H,IF,62.2,55.0,1450,4.94,4.99,3.09
43910,0.25,Good,E,IF,65.6,54.0,512,3.91,3.95,2.58
44044,0.45,Ideal,G,IF,61.7,55.0,1548,4.93,4.96,3.05
44113,0.46,Ideal,G,IF,61.6,54.0,1558,4.97,5.0,3.07
44131,0.46,Ideal,G,IF,60.9,57.0,1560,4.98,5.01,3.04
44210,0.4,Ideal,G,IF,61.9,56.0,1570,4.7,4.76,2.93
44316,0.32,Ideal,J,IF,61.0,57.0,521,4.42,4.46,2.71
44371,0.43,Ideal,F,IF,61.5,56.0,1580,4.89,4.86,3.0
44372,0.43,Ideal,F,IF,62.0,56.0,1580,4.87,4.84,3.01
44373,0.43,Ideal,F,IF,60.9,57.0,1580,4.89,4.86,2.97
44374,0.4,Premium,E,IF,61.3,58.0,1580,4.77,4.73,2.91
44394,0.4,Ideal,F,IF,60.9,57.0,1583,4.81,4.84,2.94
44457,0.57,Very Good,J,IF,59.8,59.0,1592,5.39,5.41,3.23
44768,0.41,Ideal,F,IF,61.1,58.0,1621,4.82,4.84,2.95
44824,0.39,Ideal,G,IF,60.1,57.0,1624,4.74,4.77,2.85
45096,0.54,Ideal,I,IF,61.6,53.0,1647,5.26,5.3,3.25
45137,0.53,Ideal,I,IF,62.1,55.0,1654,5.18,5.22,3.23
45141,0.46,Ideal,G,IF,62.1,56.0,1654,4.93,4.96,3.07
45429,0.54,Ideal,I,IF,60.8,56.0,1669,5.28,5.37,3.24
45517,0.43,Ideal,G,IF,61.3,55.0,1683,4.86,4.89,2.99
45595,0.56,Ideal,I,IF,61.9,54.0,1689,5.29,5.34,3.29
45653,0.25,Ideal,H,IF,61.4,57.0,525,4.05,4.08,2.49
45658,0.25,Very Good,F,IF,63.3,59.0,526,3.99,4.04,2.54
45763,0.5,Very Good,H,IF,61.3,60.0,1706,5.08,5.17,3.14
45774,0.54,Very Good,I,IF,58.8,61.0,1708,5.29,5.35,3.13
45819,0.53,Ideal,H,IF,60.2,56.0,1712,5.29,5.32,3.19
45937,0.42,Very Good,F,IF,60.0,58.0,1722,4.87,4.9,2.93
46057,0.46,Ideal,G,IF,62.1,56.0,1733,4.96,4.93,3.07
46383,0.54,Ideal,I,IF,62.5,55.0,1763,5.21,5.26,3.27
46509,0.57,Ideal,I,IF,61.0,55.0,1779,5.38,5.41,3.29
46694,0.48,Ideal,G,IF,61.9,55.0,1791,5.03,5.08,3.13
46736,0.52,Ideal,H,IF,61.8,55.0,1798,5.17,5.19,3.2
46738,0.5,Very Good,H,IF,61.0,60.0,1799,5.08,5.12,3.11
46789,0.46,Good,F,IF,57.5,58.0,1806,5.12,5.18,2.96
46790,0.46,Good,F,IF,56.2,61.0,1806,5.16,5.24,2.92
46889,0.47,Ideal,G,IF,62.1,54.0,1814,4.99,5.02,3.11
46965,0.33,Very Good,J,IF,60.9,54.0,529,4.47,4.53,2.74
47003,0.31,Ideal,F,IF,61.2,57.0,1818,4.35,4.38,2.67
47174,0.54,Premium,I,IF,58.8,61.0,1836,5.35,5.29,3.13
47272,0.5,Ideal,H,IF,61.1,58.0,1844,5.1,5.14,3.13
47273,0.5,Ideal,H,IF,62.4,54.0,1844,5.1,5.13,3.19
47358,0.5,Premium,H,IF,60.3,58.0,1846,5.14,5.18,3.11
47407,0.52,Fair,G,IF,65.5,55.0,1849,4.98,5.06,3.29
47473,0.48,Ideal,G,IF,61.6,54.0,1859,5.03,5.1,3.12
47491,0.49,Very Good,G,IF,59.7,56.0,1865,5.16,5.19,3.09
47498,0.47,Ideal,H,IF,61.9,56.0,1865,4.99,5.02,3.1
47499,0.47,Ideal,H,IF,62.4,57.0,1865,4.97,5.0,3.11
47510,0.59,Premium,I,IF,61.2,58.0,1866,5.38,5.41,3.3
47604,0.51,Ideal,H,IF,62.3,54.0,1879,5.14,5.17,3.21
47605,0.51,Ideal,H,IF,62.0,54.0,1879,5.14,5.18,3.2
47643,0.23,Very Good,F,IF,59.5,58.0,530,4.0,4.03,2.39
47799,0.51,Ideal,H,IF,60.3,58.0,1899,5.15,5.17,3.11
47826,0.55,Ideal,H,IF,62.3,54.0,1905,5.25,5.28,3.28
47827,0.51,Ideal,H,IF,62.1,55.0,1905,5.14,5.2,3.21
47949,0.31,Ideal,D,IF,60.5,57.0,1917,4.39,4.41,2.66
47991,0.32,Premium,J,IF,61.2,59.0,533,4.41,4.44,2.71
47993,0.32,Ideal,J,IF,62.2,55.0,533,4.4,4.44,2.75
47994,0.32,Ideal,J,IF,62.2,56.0,533,4.37,4.41,2.73
48011,0.51,Ideal,H,IF,62.6,56.0,1920,5.1,5.13,3.2
48012,0.53,Ideal,H,IF,62.0,54.0,1920,5.19,5.23,3.23
48031,0.5,Very Good,H,IF,61.4,61.0,1923,5.14,5.03,3.12
48032,0.5,Ideal,H,IF,61.0,56.0,1923,5.15,5.17,3.15
48218,0.53,Ideal,H,IF,62.0,54.0,1949,5.22,5.27,3.25
48236,0.46,Ideal,F,IF,62.0,55.0,1950,4.96,4.98,3.08
48267,0.52,Ideal,H,IF,62.1,57.0,1956,5.13,5.16,3.19
48290,0.53,Premium,H,IF,62.5,59.0,1957,5.15,5.18,3.23
48322,0.23,Ideal,G,IF,61.8,56.0,536,3.92,3.94,2.43
48323,0.23,Ideal,G,IF,62.8,55.0,536,3.93,3.96,2.48
48324,0.23,Ideal,G,IF,61.7,55.0,536,3.94,3.98,2.44
48381,0.59,Premium,I,IF,61.2,58.0,1965,5.41,5.38,3.3
48398,0.52,Ideal,H,IF,59.2,58.0,1967,5.23,5.31,3.12
48424,0.5,Premium,H,IF,61.4,61.0,1971,5.14,5.03,3.12
48460,0.5,Good,G,IF,64.0,55.0,1976,5.05,5.08,3.24
48497,0.54,Ideal,H,IF,61.5,54.0,1981,5.27,5.3,3.25
48535,0.46,Ideal,G,IF,61.7,56.0,1987,4.97,5.01,3.08
48536,0.46,Ideal,G,IF,61.1,56.0,1987,5.0,5.02,3.06
48544,0.52,Ideal,I,IF,60.2,56.0,1988,5.23,5.27,3.16
48564,0.64,Ideal,I,IF,62.0,54.0,1991,5.53,5.56,3.44
49026,0.59,Good,J,IF,63.7,59.0,2053,5.3,5.28,3.37
49037,0.52,Ideal,G,IF,61.5,56.0,2055,5.16,5.21,3.19
49054,0.61,Very Good,I,IF,60.2,57.0,2057,5.49,5.58,3.33
49071,0.53,Ideal,H,IF,61.4,55.0,2059,5.21,5.24,3.21
49072,0.48,Ideal,F,IF,62.0,54.0,2059,5.0,5.05,3.11
49094,0.51,Very Good,G,IF,63.8,58.0,2063,5.06,5.09,3.24
49097,0.51,Ideal,H,IF,59.6,59.0,2063,5.2,5.24,3.11
49117,0.67,Very Good,I,IF,61.4,56.0,2066,5.59,5.65,3.45
49220,0.5,Good,G,IF,64.0,55.0,2081,5.08,5.05,3.24
49237,0.51,Very Good,G,IF,59.3,57.0,2084,5.25,5.31,3.13
49327,0.52,Good,G,IF,59.8,57.0,2093,5.24,5.27,3.14
49351,0.54,Ideal,H,IF,60.9,57.0,2096,5.26,5.31,3.22
49352,0.51,Ideal,G,IF,62.4,54.0,2096,5.12,5.17,3.21
49360,0.55,Ideal,I,IF,60.1,56.0,2098,5.33,5.38,3.22
49382,0.51,Very Good,G,IF,62.6,56.0,2102,5.09,5.13,3.2
49396,0.5,Ideal,G,IF,61.5,56.0,2104,5.11,5.14,3.15
49453,0.52,Ideal,I,IF,60.9,57.0,2111,5.17,5.21,3.16
49503,0.55,Ideal,H,IF,61.5,55.0,2120,5.25,5.29,3.25
49504,0.55,Ideal,H,IF,61.9,56.0,2120,5.26,5.34,3.26
49545,0.54,Very Good,G,IF,62.5,58.0,2128,5.19,5.27,3.27
49581,0.55,Ideal,H,IF,61.7,55.0,2133,5.27,5.29,3.26
49589,0.56,Ideal,H,IF,61.3,56.0,2135,5.32,5.35,3.27
49602,0.53,Ideal,G,IF,62.7,56.0,2137,5.23,5.13,3.25
49619,0.46,Good,D,IF,58.6,59.0,2139,5.06,5.11,2.98
49683,0.52,Fair,F,IF,64.6,58.0,2144,5.04,5.17,3.3
49695,0.51,Ideal,G,IF,62.9,58.0,2146,5.07,5.11,3.2
49720,0.7,Premium,J,IF,60.5,59.0,2150,5.67,5.73,3.45
49736,0.48,Ideal,F,IF,62.1,55.0,2154,5.0,5.05,3.12
49751,0.56,Ideal,H,IF,60.4,57.0,2157,5.35,5.39,3.24
49752,0.56,Ideal,H,IF,61.3,55.0,2157,5.31,5.33,3.26
49788,0.51,Ideal,G,IF,61.6,54.0,2162,5.17,5.19,3.19
49797,0.51,Ideal,G,IF,61.3,56.0,2163,5.15,5.19,3.16
49803,0.52,Ideal,G,IF,61.5,56.0,2164,5.21,5.16,3.19
49891,0.54,Ideal,G,IF,61.5,56.0,2177,5.28,5.25,3.24
50008,0.57,Ideal,H,IF,62.2,56.0,2195,5.3,5.33,3.3
50107,0.51,Ideal,G,IF,61.4,54.0,2208,5.18,5.24,3.2
50121,0.54,Ideal,H,IF,60.3,55.0,2210,5.29,5.33,3.2
50122,0.57,Ideal,H,IF,61.0,57.0,2210,5.35,5.38,3.27
50126,0.47,Fair,D,IF,60.6,60.0,2211,5.09,4.98,3.05
50129,0.58,Ideal,H,IF,61.6,57.0,2211,5.34,5.37,3.3
50172,0.5,Very Good,F,IF,59.7,60.0,2219,5.18,5.24,3.11
50240,0.58,Ideal,H,IF,60.2,56.0,2233,5.43,5.46,3.28
50266,0.5,Very Good,F,IF,61.4,60.0,2238,5.07,5.1,3.12
50362,0.53,Ideal,G,IF,61.8,57.0,2247,5.18,5.22,3.21
50363,0.53,Ideal,G,IF,61.4,56.0,2247,5.2,5.24,3.21
50364,0.53,Ideal,G,IF,61.9,56.0,2247,5.18,5.22,3.21
50458,0.7,Premium,J,IF,60.5,59.0,2264,5.73,5.67,3.45
50473,0.55,Good,F,IF,60.8,60.0,2266,5.26,5.36,3.23
50478,0.52,Ideal,G,IF,61.7,56.0,2267,5.15,5.19,3.19
50501,0.6,Ideal,H,IF,61.9,56.0,2270,5.4,5.45,3.36
50507,0.54,Ideal,G,IF,62.3,56.0,2271,5.19,5.21,3.24
50508,0.54,Ideal,G,IF,62.5,57.0,2271,5.16,5.2,3.24
50557,0.74,Very Good,J,IF,60.3,58.0,2277,5.82,5.86,3.52
50578,0.56,Ideal,G,IF,62.0,56.0,2279,5.28,5.33,3.29
50579,0.72,Ideal,J,IF,62.0,55.0,2279,5.74,5.77,3.57
50671,0.34,Ideal,D,IF,62.1,57.0,2287,4.46,4.52,2.79
50672,0.34,Ideal,D,IF,59.8,57.0,2287,4.57,4.59,2.74
50676,0.5,Ideal,G,IF,60.8,54.0,2287,5.19,5.2,3.16
50686,0.54,Ideal,G,IF,61.2,57.0,2289,5.26,5.28,3.22
50687,0.54,Ideal,G,IF,61.5,55.0,2289,5.24,5.3,3.23
50713,0.53,Ideal,G,IF,60.6,56.0,2293,5.27,5.33,3.21
50714,0.53,Ideal,G,IF,60.3,56.0,2293,5.29,5.33,3.2
50756,0.56,Ideal,G,IF,61.7,55.0,2298,5.29,5.34,3.28
50757,0.56,Ideal,G,IF,61.8,54.0,2298,5.31,5.33,3.29
50790,0.51,Very Good,F,IF,59.4,60.0,2304,5.18,5.23,3.09
50875,0.55,Very Good,G,IF,60.2,60.0,2314,5.29,5.38,3.21
50889,0.59,Very Good,H,IF,61.7,56.0,2317,5.42,5.48,3.36
50947,0.56,Ideal,G,IF,62.2,54.0,2321,5.3,5.34,3.31
50948,0.56,Ideal,G,IF,62.0,54.0,2321,5.3,5.32,3.29
51064,0.65,Very Good,I,IF,61.0,55.0,2332,5.65,5.73,3.47
51173,0.34,Ideal,D,IF,62.1,57.0,2346,4.52,4.46,2.79
51174,0.34,Ideal,D,IF,59.8,57.0,2346,4.59,4.57,2.74
51219,0.5,Ideal,H,IF,61.8,56.0,2352,5.1,5.13,3.16
51295,0.54,Ideal,G,IF,61.6,57.0,2361,5.22,5.27,3.23
51376,0.62,Very Good,H,IF,60.3,59.0,2367,5.52,5.55,3.34
51419,0.53,Ideal,G,IF,62.1,57.0,2372,5.16,5.21,3.22
51508,0.55,Ideal,G,IF,61.1,57.0,2383,5.26,5.31,3.23
51551,0.52,Ideal,G,IF,61.7,56.0,2387,5.19,5.15,3.19
51564,0.62,Premium,H,IF,58.9,58.0,2389,5.65,5.58,3.31
51574,0.54,Premium,F,IF,61.9,60.0,2391,5.26,5.21,3.24
51584,0.52,Ideal,F,IF,61.7,56.0,2393,5.16,5.18,3.19
51614,0.53,Very Good,F,IF,59.6,58.0,2395,5.28,5.32,3.16
51665,0.55,Ideal,G,IF,62.0,55.0,2398,5.25,5.29,3.27
51687,0.55,Ideal,G,IF,60.6,56.0,2399,5.31,5.33,3.22
51688,0.56,Ideal,G,IF,62.0,56.0,2399,5.33,5.28,3.29
51745,0.63,Good,H,IF,59.3,62.0,2404,5.66,5.7,3.37
51778,0.61,Very Good,G,IF,63.0,58.0,2411,5.36,5.43,3.4
51818,0.5,Ideal,F,IF,61.2,57.0,2419,5.11,5.15,3.14
51825,0.64,Ideal,H,IF,60.5,57.0,2420,5.58,5.62,3.39
51871,0.52,Ideal,F,IF,60.3,60.0,2427,5.24,5.27,3.17
51926,0.61,Ideal,H,IF,62.0,54.4,2438,5.44,5.47,3.38
51937,0.55,Ideal,G,IF,60.0,57.0,2440,5.33,5.39,3.22
51948,0.52,Ideal,H,IF,61.4,56.0,2441,5.19,5.23,3.2
51958,0.56,Ideal,G,IF,62.0,56.0,2442,5.3,5.32,3.29
51959,0.56,Ideal,G,IF,61.4,57.0,2442,5.29,5.32,3.26
51968,0.26,Ideal,H,IF,62.1,55.0,545,4.09,4.13,2.55
51969,0.26,Ideal,H,IF,61.2,57.0,545,4.13,4.16,2.53
51977,0.26,Very Good,E,IF,58.7,63.0,547,4.19,4.23,2.47
51990,0.56,Ideal,G,IF,61.8,56.0,2442,5.28,5.34,3.28
52009,0.59,Ideal,G,IF,62.0,54.0,2444,5.38,5.43,3.35
52024,0.53,Ideal,F,IF,62.4,55.0,2447,5.2,5.19,3.24
52108,0.61,Ideal,H,IF,59.4,59.0,2461,5.55,5.59,3.31
52144,0.62,Ideal,H,IF,61.9,55.0,2469,5.5,5.52,3.41
52299,0.25,Very Good,F,IF,59.4,62.0,548,4.12,4.13,2.45
52358,0.62,Ideal,H,IF,60.5,58.0,2501,5.48,5.52,3.33
52371,0.52,Ideal,F,IF,60.3,57.0,2504,5.23,5.28,3.17
52377,0.44,Ideal,G,IF,61.6,55.0,2506,4.9,4.93,3.03
52392,0.58,Ideal,G,IF,60.9,57.0,2508,5.39,5.46,3.3
52495,0.51,Ideal,F,IF,62.4,55.0,2524,5.11,5.14,3.2
52521,0.58,Ideal,G,IF,62.1,56.0,2528,5.35,5.37,3.32
52522,0.58,Ideal,G,IF,61.3,56.0,2528,5.36,5.39,3.29
52526,0.5,Ideal,F,IF,60.6,58.0,2529,5.13,5.16,3.12
52547,0.6,Ideal,G,IF,62.2,55.0,2533,5.36,5.44,3.36
52597,0.53,Very Good,E,IF,59.8,60.0,2542,5.28,5.35,3.18
52685,0.59,Ideal,G,IF,59.5,58.0,2551,5.49,5.57,3.29
52714,0.59,Very Good,F,IF,62.8,56.0,2554,5.31,5.36,3.35
52801,0.6,Ideal,G,IF,62.0,55.0,2570,5.39,5.44,3.36
52840,0.52,Ideal,F,IF,60.6,57.0,2575,5.21,5.22,3.16
52847,0.61,Ideal,G,IF,61.7,55.0,2575,5.44,5.49,3.37
52963,0.24,Very Good,F,IF,60.4,58.0,552,4.02,4.06,2.44
52964,0.24,Very Good,F,IF,60.0,57.0,552,4.07,4.1,2.45
53015,0.52,Ideal,F,IF,60.6,57.0,2598,5.22,5.21,3.16
53026,0.61,Ideal,G,IF,61.8,52.0,2601,5.46,5.55,3.4
53076,0.59,Very Good,G,IF,60.9,57.0,2611,5.38,5.42,3.29
53079,0.59,Ideal,G,IF,62.5,57.0,2611,5.34,5.38,3.35
53186,0.59,Very Good,F,IF,59.9,63.0,2632,5.44,5.47,3.27
53250,0.5,Ideal,F,IF,62.0,55.0,2645,5.09,5.13,3.17
53335,0.62,Ideal,G,IF,62.2,54.0,2655,5.46,5.51,3.41
53346,0.57,Ideal,F,IF,61.3,56.0,2656,5.32,5.36,3.28
53368,0.53,Ideal,F,IF,61.3,57.0,2658,5.19,5.21,3.19
53371,0.61,Ideal,G,IF,62.3,56.0,2659,5.42,5.46,3.39
53456,0.48,Very Good,D,IF,60.6,55.0,2677,5.08,5.12,3.09
53488,0.53,Ideal,F,IF,61.3,57.0,2682,5.21,5.19,3.19
53606,0.71,Ideal,I,IF,61.7,59.0,2701,5.7,5.74,3.53
53748,0.56,Very Good,E,IF,59.9,60.0,2724,5.31,5.38,3.2
53790,0.54,Ideal,F,IF,62.2,54.0,2729,5.24,5.27,3.27
53792,0.51,Ideal,F,IF,62.5,54.0,2730,5.12,5.16,3.21
53811,0.52,Ideal,F,IF,61.7,57.0,2733,5.13,5.17,3.18
53887,0.52,Ideal,F,IF,61.5,57.0,2749,5.15,5.19,3.18
53911,0.57,Premium,E,IF,59.8,60.0,2753,5.43,5.38,3.23
